,beer_id,name,display_name,abv,style_id,year,glass_id,organic,brewery_id,retired,status
0,c4f2KE,'Murican Pilsner,'Murican Pilsner,5.5,98,,4,N,nHLlnK,N,verified
1,zTTWa2,11.5° PLATO,11.5° PLATO,4.5,164,,,N,nHLlnK,N,verified
2,zfP2fK,12th Of Never,12th Of Never,5.5,25,,,N,nLsoQ9,N,verified
3,xwYSL2,15th Anniversary Ale,15th Anniversary Ale,,5,,,N,TMc6H2,N,verified
4,UJGpVS,16 So Fine Red Wheat Wine,16 So Fine Red Wheat Wine,11,35,,,N,TMc6H2,N,verified
5,vz5JZ1,1794 The Fergal Project,1794 The Fergal Project,4.5,42,,,N,DifSi4,N,verified
6,LcpeBb,17th Saison,17th Saison,9,72,,,N,TMc6H2,N,verified
7,Yd8G8r,18th Anniversary Belgian Tripel,18th Anniversary Belgian Tripel,10,59,,,N,TMc6H2,N,verified
8,iJ329Y,19 - Golden Belgian Style Ale,19 - Golden Belgian Style Ale,7,135,,,N,TMc6H2,N,verified
9,O78ldO,1904 American Red Lager,1904 American Red Lager,5,93,,,N,BznahA,N,verified
10,qGDeH1,2 x 4,2 x 4,8.7,70,,5,N,nHLlnK,N,verified
11,MgdJep,200th Anniversary Export Stout,200th Anniversary Export Stout,6,24,,,N,HaPdSL,N,verified
12,ISTT06,2017 Beer Camp,2017 Beer Camp (2017),6.5,30,2017,,N,nHLlnK,N,verified
13,v4KRep,20th Anniversary Imperial Hash IPA on Brett,20th Anniversary Imperial Hash IPA on Brett,9,31,,,N,TMc6H2,N,verified
14,uIgENV,20th Street Ale Citra,20th Street Ale Citra,7.3,,,5,N,nHLlnK,N,verified
15,WcP2Ww,20th Street Ale Crystal,20th Street Ale Crystal,7.3,,,,N,nHLlnK,N,verified
16,HyxQE4,20th Street Ale Magnum,20th Street Ale Magnum,7.3,,,,N,nHLlnK,N,verified
17,e9sjBk,21st Anniversary,21st Anniversary,7.9,57,,,N,TMc6H2,N,verified
18,YZXVKq,25th Anniversary,25th Anniversary,9.8,158,,,N,IImUD9,N,verified
19,7z8RTq,3 Weight,3 Weight,4,164,,,N,nHLlnK,N,verified
20,f5CWb6,"30th Anniversary - Charlie, Fred & Ken's Bock","30th Anniversary - Charlie, Fred & Ken's Bock",8.3,89,,,N,nHLlnK,Y,verified
21,0KEzfx,30th Anniversary - Fritz and Ken's Ale,30th Anniversary - Fritz and Ken's Ale,9.2,43,,,N,nHLlnK,Y,verified
22,KjumXn,30th Anniversary - Grand Cru,30th Anniversary - Grand Cru,9.2,138,,,N,nHLlnK,N,verified
23,8M5lCq,30th Anniversary - Jack & Ken's Ale,30th Anniversary - Jack & Ken's Ale,10.2,34,,,N,nHLlnK,Y,verified
24,ajbd6g,35th Anniversary  - Brewer's Reserve,35th Anniversary  - Brewer's Reserve,8,14,,,N,nHLlnK,N,verified
25,NoNhan,420 Extra Pale Ale,420 Extra Pale Ale,5.4,25,,5,N,TMc6H2,N,verified
26,pOUbfg,420 Fest,420 Fest,8,31,,,N,TMc6H2,N,verified
27,jIKwgZ,420 Strain G13 IPA,420 Strain G13 IPA,6,30,,,N,TMc6H2,N,verified
28,lWygSS,471 Double IPA - Hull Melon,471 Double IPA - Hull Melon,9.2,31,,,N,IImUD9,N,verified
29,fa0oqf,471 ESB - Extra Special Bitter,471 ESB - Extra Special Bitter,7.8,5,,5,N,IImUD9,Y,verified
30,HZMvCT,471 IPA Barrel Series: Citra,471 IPA Barrel Series: Citra,11.3,31,,,N,IImUD9,N,verified
31,GysKeq,471 IPA Barrel Series: Eureka!,471 IPA Barrel Series: Eureka!,11.2,31,,,N,IImUD9,N,verified
32,tw2Iw0,471 IPA. Aggressive Hoppiness,471 IPA. Aggressive Hoppiness,9.2,31,,,N,IImUD9,Y,verified
33,GYF0P4,471 Pilsner,471 Pilsner,,98,,,N,IImUD9,N,verified
34,j9cp5e,471 Small Batch IPA,471 Small Batch IPA,9.2,30,,8,N,IImUD9,N,verified
35,5MX880,5 C's IPA,5 C's IPA,6.5,30,,,N,4F7QA9,N,verified
36,uA3MVL,7 Birds,7 Birds,5,98,,,Y,p1tFbP,N,verified
37,Fhw2NF,7 Cities Pilsner,7 Cities Pilsner,5,98,,,Y,p1tFbP,N,verified
38,MqTIG4,72 Imperial,72 Imperial,7.2,44,,,N,IImUD9,N,verified
39,wDgaK8,A Beer Named Sue,A Beer Named Sue,5.7,72,,,N,VEY3Xa,N,verified
40,Au0v9G,A Little Sumpin' Extra,A Little Sumpin' Extra,8.7,31,,,N,nLsoQ9,N,verified
41,svXHfu,A Little Sumpin' Sumpin',A Little Sumpin' Sumpin',7.5,25,,5,N,nLsoQ9,N,verified
42,hbF6tu,ABLE Best Britter,ABLE Best Britter,4.3,4,,5,N,nHLlnK,N,verified
43,MTLa3r,Afternooner,Afternooner,4.6,62,,,N,VEY3Xa,N,verified
44,6AcqY6,Agave Wheat,Agave Wheat,5.9,112,,9,N,IImUD9,N,verified
45,RK9Po6,Ale 20,Ale 20,5.7,25,,,N,nHLlnK,N,verified
46,yn4ODI,Ale Communication,Ale Communication,7.8,33,,,N,VEY3Xa,N,verified
47,2cLm8B,All Colorado Apricot Wheat,All Colorado Apricot Wheat,5.5,114,,,N,q6vJUK,N,verified
48,DbeLZF,All Colorado Wet Hop Pale Ale,All Colorado Wet Hop Pale Ale,5.8,25,,,N,q6vJUK,N,verified
49,aG4Ie2,Alpha Dog Imperial IPA,Alpha Dog Imperial IPA,8.5,31,,,N,yX6twV,N,verified
50,hYaduh,Alt Route - Beer Camp Across America,Alt Route - Beer Camp Across America (2014),6.6,55,2014,5,N,nHLlnK,N,verified
51,5TQX99,ALTitude,ALTitude,,55,,,N,q6vJUK,N,verified
52,qIa0fL,Amber Beer,Amber Beer,,32,,,N,p3YrOa,N,verified
53,Zd8Cxd,American Summer Hoppy Wit,American Summer Hoppy Wit,6,65,,,N,q6vJUK,N,verified
54,Ota9wv,Añejo Tequila Barrel Aged Gubna,Añejo Tequila Barrel Aged Gubna,11,33,,,N,q6vJUK,N,verified
55,b6nCMj,Anniversary Ale,Anniversary Ale,3.8,25,,,N,VEY3Xa,N,verified
56,fBZZUJ,Anniversary Ale,Anniversary Ale,5.9,30,,,N,nHLlnK,N,verified
57,iEMsk8,Anniversary Ale 2007,Anniversary Ale 2007,5.9,30,,,N,nHLlnK,N,verified
58,ItEVNY,Anniversary Ale 2009,Anniversary Ale 2009,5.9,30,,,N,nHLlnK,N,verified
59,HIuMUM,Antwerpen Stout,Antwerpen Stout,8,20,,,N,HaPdSL,N,verified
60,IyyejS,Anubis Imperial Coffee Porter,Anubis Imperial Coffee Porter,8,18,,,N,yX6twV,N,verified
61,JCo28y,Asian Gold Blonde,Asian Gold Blonde,4.4,36,,,N,DMU2Kf,N,verified
62,uHEs7N,Audition - Altbier,Audition - Altbier,6.6,55,,,N,nHLlnK,N,verified
63,fdnFoV,Audition - Belgian-Style Blonde,Audition - Belgian-Style Blonde,6.3,61,,,N,nHLlnK,N,verified
64,8ugUQF,Audition - Belgian-Style Pale Ale,Audition - Belgian-Style Pale Ale,5.3,62,,,N,nHLlnK,N,verified
65,zrqusY,Audition - Dark Ale,Audition - Dark Ale,8.5,28,,,N,nHLlnK,N,verified
66,BJFSW8,Audition - Double IPA,Audition - Double IPA,8.5,31,,,N,nHLlnK,N,verified
67,cBZj1z,Audition - English-Style Bitter,Audition - English-Style Bitter,5.6,3,,,N,nHLlnK,N,verified
68,NY86j7,Audition - Imperial Pilsner,Audition - Imperial Pilsner,8,98,,4,N,nHLlnK,N,verified
69,lEPIZg,Audition - Pale Ale,Audition - Pale Ale,6.5,25,,,N,nHLlnK,N,verified
70,WaxgGo,Audition - Pilsner,Audition - Pilsner,5.2,98,,4,N,nHLlnK,N,verified
71,HxW3xw,Audition - Rye Bock,Audition - Rye Bock,7.2,117,,,N,nHLlnK,N,verified
72,eOVHdT,Audition - Scotch Ale,Audition - Scotch Ale,7.3,15,,,N,nHLlnK,N,verified
73,L0eAAB,Aunt Sally,Aunt Sally,5.7,40,,,N,nLsoQ9,N,verified
74,1unO6C,Autumn Ale,Autumn Ale,6,81,,5,N,IImUD9,N,verified
75,nvfMg1,Avalanche Ale,Avalanche Ale,4.4,32,,5,N,IImUD9,N,verified
76,kLnpDN,Bad Luck Blonde,Bad Luck Blonde,6.5,36,,5,N,nHLlnK,N,verified
77,PPM1hu,Balls Deep,Balls Deep,,125,,,N,TMc6H2,N,verified
78,J2UGn1,Baltic Anomaly,Baltic Anomaly,8.5,104,,,N,AqEUBQ,N,verified
79,Beiqbm,Baltic Joy,Baltic Joy,7.4,104,,,N,nHLlnK,N,verified
80,YXPOTZ,Bamberg Helles,Bamberg Helles,5.2,86,,,N,VEY3Xa,N,verified
81,kbyHKb,Banana Stand,Banana Stand,,52,,,Y,p1tFbP,N,verified
82,bdFoir,Bare Knuckle Stout,Bare Knuckle Stout,,42,,,N,BznahA,N,verified
83,wRkDGh,Barrel Aged 471 IPA. Aggressive Hoppiness,Barrel Aged 471 IPA. Aggressive Hoppiness,9.2,31,,,N,IImUD9,N,verified
84,fGeFvg,Barrel Aged BOTL Cap,Barrel Aged BOTL Cap,8.9,89,,,N,AqEUBQ,N,verified
85,dS3WFU,Barrel Aged Chaka (Merlot),Barrel Aged Chaka (Merlot),8,61,,,N,q6vJUK,N,verified
86,18Ki63,Barrel Aged Dale's Pale Ale (Makers Mark),Barrel Aged Dale's Pale Ale (Makers Mark),6.5,25,,,N,q6vJUK,N,verified
87,8SiLJi,Barrel Aged Imperial Cherry Stout,Barrel Aged Imperial Cherry Stout,9.5,43,,,N,IImUD9,N,verified
88,LMONA6,Barrel Aged Mama's Mama's Little Yella Pils (Tequila),Barrel Aged Mama's Mama's Little Yella Pils (Tequila),5.3,98,,,N,q6vJUK,N,verified
89,hO6U5X,Barrel Aged Narwhal,Barrel Aged Narwhal,12.9,43,,,N,nHLlnK,N,verified
90,zLqnaW,Barrel Aged Nuovo Record,Barrel Aged Nuovo Record,13.5,53,,,N,AqEUBQ,N,verified
91,DvxCJ2,Barrel Aged Twenty Five,Barrel Aged Twenty Five,9.8,158,,,N,IImUD9,N,verified
92,HIwvra,Barrel-Aged Bigfoot (Whiskey Barrels),Barrel-Aged Bigfoot (Whiskey Barrels) (2015),11.9,34,2015,,N,nHLlnK,N,verified
93,AZgmir,Barrel-Aged Hoptimum  (Trip in the Woods),Barrel-Aged Hoptimum  (Trip in the Woods),11.5,30,,,N,nHLlnK,N,verified
94,xjSOtt,Barrel-Aged Porter,Barrel-Aged Porter,7.4,132,,,N,nHLlnK,N,verified
95,Ydp0k0,Barrel-Aged Ten Fidy,Barrel-Aged Ten Fidy,12.9,43,,,N,q6vJUK,N,verified
96,PZL75k,Barrel-Aged Thunder Ann,Barrel-Aged Thunder Ann,,25,,,Y,p1tFbP,N,verified
97,4A41PO,Barrel-Aged Torpedo Extra IPA,Barrel-Aged Torpedo Extra IPA,8.5,30,,,N,nHLlnK,N,verified
98,x7GusT,Batch #2 Barleywine,Batch #2 Barleywine (2015),,34,2015,,N,IImUD9,N,verified
99,JzR6cK,Bavarian-Styled Doppel Weizen,Bavarian-Styled Doppel Weizen,9,53,,,N,nLsoQ9,N,verified
100,kvklwS,Bayside Black IPA,Bayside Black IPA,7.1,30,,,N,q6vJUK,N,verified
101,3JrTod,Beach Bum Blonde Ale,Beach Bum Blonde Ale,5.4,61,,,N,BznahA,N,verified
102,9YCuGj,Bearsharktopus,Bearsharktopus,6,62,,,N,VEY3Xa,N,verified
103,ZQkBoF,Bearwalker Barrel Aged Double Maple,Bearwalker Barrel Aged Double Maple,6,37,,,Y,p1tFbP,N,verified
104,Nl1CJp,Bearwalker Brown,Bearwalker Brown,,37,,,N,p1tFbP,N,verified
105,c4ODPx,Bearwalker Maple Brown (Four Roses Barrel-Aged),Bearwalker Maple Brown (Four Roses Barrel-Aged),,134,,,Y,p1tFbP,N,verified
106,Jyj4KZ,Bearwalker Maple Nut (Eagle Rare Barrel Aged),Bearwalker Maple Nut (Eagle Rare Barrel Aged),,65,,,Y,p1tFbP,N,verified
107,OJadqc,Beer Barrel Bourbon,Beer Barrel Bourbon,,132,,,N,AqEUBQ,N,verified
108,2rqlKs,Beer Camp 013: Old Cantankerous,Beer Camp 013: Old Cantankerous,6.6,13,,,N,nHLlnK,N,verified
109,7iFx4r,Beer Camp Across America,Beer Camp Across America (2014),8.6,31,2014,,N,nHLlnK,N,verified
110,6mTebP,Beer Camp Golden IPA,Beer Camp Golden IPA (2017),6.5,30,2017,,N,nHLlnK,N,verified
111,pTHBWA,Beer Camp Hoppy Lager,Beer Camp Hoppy Lager,7,93,,,N,nHLlnK,N,verified
112,pGqazY,Beer Camp Tropical IPA,Beer Camp Tropical IPA (2015),6.7,30,2015,,N,nHLlnK,N,verified
113,ZK2Swv,Beer Camp: Atlantic-Style Vintage Ale,Beer Camp: Atlantic-Style Vintage Ale (2017),8.5,1,2017,,N,nHLlnK,N,verified
114,BdlH6M,Beer Camp: Campout Porter,Beer Camp: Campout Porter (2017),7.7,18,2017,,N,nHLlnK,N,verified
115,QHCtPE,Beer Camp: Dry Hopped Belgian Golden,Beer Camp: Dry Hopped Belgian Golden (2017),8,36,2017,,N,nHLlnK,N,verified
116,nxU5Fn,Beer Camp: Dry-Hopped Barleywine-Style Ale,Beer Camp: Dry-Hopped Barleywine-Style Ale (2017),9.4,34,2017,,N,nHLlnK,N,verified
117,2avhYf,Beer Camp: Dry-Hopped Berliner-Style Weisse,Beer Camp: Dry-Hopped Berliner-Style Weisse (2017),4.2,46,2017,,N,nHLlnK,N,verified
118,eueVi6,Beer Camp: Dunkle Weisse,Beer Camp: Dunkle Weisse (2017),5.7,52,2017,,N,nHLlnK,N,verified
119,z8iAm9,Beer Camp: East Meets West IPA,Beer Camp: East Meets West IPA (2017),7,30,2017,,N,nHLlnK,N,verified
120,bSQyva,Beer Camp: Ginger Lager,Beer Camp: Ginger Lager (2017),6.2,93,2017,,N,nHLlnK,N,verified
121,q5sbES,Beer Camp: Raspberry Sundae Ale,Beer Camp: Raspberry Sundae Ale (2017),8,124,2017,,N,nHLlnK,N,verified
122,lT9g7O,Beer Camp: Stout of the Union,Beer Camp: Stout of the Union,7,42,,,N,nHLlnK,N,verified
123,SPbPNt,Beer Camp: Thai-Style Iced Tea,Beer Camp: Thai-Style Iced Tea (2017),7.2,124,2017,,N,nHLlnK,N,verified
124,4jKDXK,Beer Camp: West Coast DIPA,Beer Camp: West Coast DIPA (2017),8.2,31,2017,,N,nHLlnK,N,verified
125,h331gl,Beer Camp: White IPA with Yuzu,Beer Camp: White IPA with Yuzu (2017),7,30,2017,,N,nHLlnK,N,verified
126,gFe3ro,Beer Like A Billy Goat,Beer Like A Billy Goat,6.5,89,,,N,VEY3Xa,N,verified
127,ZJdowf,Beerhive,Beerhive,8.47,59,,5,N,AqEUBQ,N,verified
128,1cLpJP,Beerito,Beerito,4,80,,,N,q6vJUK,N,verified
129,BoJHzM,Belgian Black IPA - Beer Camp #94,Belgian Black IPA - Beer Camp #94,7.7,62,,,N,nHLlnK,N,verified
130,nAr0mR,Belgian Blond,Belgian Blond,6.7,63,,,N,VEY3Xa,N,verified
131,DQW0WA,Belgian Crush,Belgian Crush,5.7,62,,,N,VEY3Xa,N,verified
132,hDKDfU,Belgian Style Pale Ale - Mountain Series,Belgian Style Pale Ale - Mountain Series,,62,,,N,IImUD9,N,verified
133,X8qNCS,Belgian-Style Blonde IPA,Belgian-Style Blonde IPA,7.5,61,,,N,nHLlnK,N,verified
134,17KZDP,Bella Czech Pils,Bella Czech Pils,5.3,106,,,N,DifSi4,N,verified
135,8nUyoD,Belle Meade Bourbon Sour,Belle Meade Bourbon Sour,,136,,,Y,p1tFbP,N,verified
136,O3nY32,Bernie Weisse,Bernie Weisse,3.2,46,,,N,VEY3Xa,N,verified
137,QtA7tb,Betsy's Revenge,Betsy's Revenge,4.5,121,,,Y,p1tFbP,N,verified
138,pSVIAZ,BFD - Beer For Drinking,BFD - Beer For Drinking,4.8,36,,,N,nHLlnK,N,verified
139,zqS7ze,Bigfoot,Bigfoot (1997),9.6,34,1997,,N,nHLlnK,N,verified
140,ETtkIW,Bigfoot,Bigfoot (1996),9.6,34,1996,,N,nHLlnK,N,verified
141,eyYenc,Bigfoot,Bigfoot (1998),9.6,34,1998,,N,nHLlnK,N,verified
142,ygAzC9,Bigfoot,Bigfoot (2001),9.6,34,2001,5,N,nHLlnK,N,verified
143,aztnLa,Bigfoot,Bigfoot (2002),9.6,34,2002,5,N,nHLlnK,N,verified
144,DJcbV1,Bigfoot,Bigfoot (2003),9.6,34,2003,5,N,nHLlnK,N,verified
145,pdLPeS,Bigfoot,Bigfoot (2004),9.6,34,2004,5,N,nHLlnK,N,verified
146,Rx4Dnt,Bigfoot,Bigfoot (2005),9.6,34,2005,5,N,nHLlnK,N,verified
147,ysyw2P,Bigfoot,Bigfoot (2015),9.6,34,2015,,N,nHLlnK,N,verified
148,4sdq0d,Bigfoot,Bigfoot (2007),9.6,34,2007,,N,nHLlnK,N,verified
149,1UhodH,Bigfoot,Bigfoot (2017),,34,2017,,N,nHLlnK,N,verified
150,IphbdN,Bigfoot,Bigfoot (2006),9.6,34,2006,,N,nHLlnK,N,verified
151,8PsCAg,Bigfoot,Bigfoot (2014),9.6,34,2014,,N,nHLlnK,N,verified
152,ER2JSs,Bigfoot,Bigfoot (1999),9.6,34,1999,,N,nHLlnK,N,verified
153,2CRlqm,Bigfoot,Bigfoot (1994),9.6,34,1994,,N,nHLlnK,N,verified
154,qUIYuC,Bigfoot,Bigfoot,9.6,17,,6,N,nHLlnK,N,verified
155,9HcWSd,Bigfoot,Bigfoot (2000),9.6,34,2000,,N,nHLlnK,N,verified
156,dapUuF,Bigfoot (2016),Bigfoot (2016),9.6,34,,,N,nHLlnK,N,verified
157,AFNvz4,Bigfoot (2018),Bigfoot (2018),9.6,34,,,N,nHLlnK,N,verified
158,0T4pOY,Bigfoot Barrel-Aged,Bigfoot Barrel-Aged,12.2,34,,,N,nHLlnK,N,verified
159,Rxu5Bd,Bing Bing,Bing Bing,6.8,30,,,N,VEY3Xa,N,verified
160,BJymUV,Bitter Oats,Bitter Oats,10.5,31,,,N,nLsoQ9,N,verified
161,gLBFNH,Bitter Over Ewe,Bitter Over Ewe,,5,,,Y,p1tFbP,N,verified
162,tLwMOd,Black Brew Bae,Black Brew Bae,6.4,41,,,N,q6vJUK,N,verified
163,pkEofb,Black Cat Porter,Black Cat Porter,5.2,18,,,N,VEY3Xa,N,verified
164,yxUgyc,Black Cat Stout,Black Cat Stout,5.5,42,,,N,4F7QA9,N,verified
165,4fKoj3,Black Crown,Black Crown,6,101,,5,N,BznahA,N,verified
166,yoGDFl,Black Eye PA,Black Eye PA,7.5,41,,,N,nHLlnK,N,verified
167,kZadFf,Black IPA,Black IPA,6.5,30,,,Y,4F7QA9,N,verified
168,fyj05b,Black IPA,Black IPA,6.9,30,,,N,nHLlnK,N,verified
169,HSChH3,Black Lager (Hatchery Series Release #3),Black Lager (Hatchery Series Release #3),5,103,,,N,TMc6H2,N,verified
170,E6kkPh,Black Mad Hatter India Pale Ale,Black Mad Hatter India Pale Ale,5.56,41,,5,N,AqEUBQ,N,verified
171,ja4TBb,Black Mamba,Black Mamba,6,53,,,N,q6vJUK,N,verified
172,NgU9h0,Black Shack Porter,Black Shack Porter,5.3,19,,5,N,DifSi4,N,verified
173,Du7C2e,Black Tulip,Black Tulip (2012),8.8,59,2012,,N,AqEUBQ,N,verified
174,i0Hy6x,Black Vapor,Black Vapor,6,84,,5,N,nHLlnK,N,verified
175,fekpJv,Blackstrap Fever,Blackstrap Fever,6.1,18,,,N,q6vJUK,N,verified
176,QFJ250,Blantons Barrel Aged Scotch Ale,Blantons Barrel Aged Scotch Ale,11.3,15,,,N,nHLlnK,N,verified
177,d16niD,Blindfold,Blindfold,7.4,41,,8,N,nHLlnK,N,verified
178,24mTU2,Blizzicane Bock,Blizzicane Bock,7.7,88,,,N,nHLlnK,N,verified
179,95tyDm,Blonde Ale,Blonde Ale,,36,,5,N,nHLlnK,N,verified
180,IlrJbh,Blood Shot,Blood Shot,8.6,33,,,N,nHLlnK,N,verified
181,wzCyVT,Blue,Blue,4.6,119,,5,N,TMc6H2,N,verified
182,bK4vxh,Blue Dream,Blue Dream,6.4,30,,,N,q6vJUK,N,verified
183,8b9X23,Blue Goat,Blue Goat,7.5,,,,N,AqEUBQ,N,verified
184,oYED15,Blue Ridge Red,Blue Ridge Red,6.3,22,,,N,nHLlnK,N,verified
185,HQ79n0,Blue Sunday,Blue Sunday,7,40,,,N,AqEUBQ,N,verified
186,932XO8,Blueberry Ale,Blueberry Ale,4.5,119,,5,N,DifSi4,N,verified
187,WTmAem,Blueberry Porter,Blueberry Porter,,119,,,Y,p1tFbP,N,verified
188,l7Dmxe,Blueberry Saison,Blueberry Saison,,72,,,Y,p1tFbP,N,verified
189,5LwuwE,Bob White,Bob White,5,65,,,N,VEY3Xa,N,verified
190,qpPzL7,Bobolink,Bobolink,6.7,72,,,N,VEY3Xa,N,verified
191,vmmRA5,Bohemian Dock Street Pilsner,Bohemian Dock Street Pilsner,5,75,,,N,p3YrOa,N,verified
192,75agIj,Bolivia Newton John,Bolivia Newton John,,123,,,N,q6vJUK,N,verified
193,HgMkeg,Bonnaroo Brew,Bonnaroo Brew,4.8,72,,5,N,nHLlnK,N,verified
194,AEFy0R,Boomerang,Boomerang,6.7,30,,,N,nHLlnK,N,verified
195,HmjnXt,Born Again Yesterday,Born Again Yesterday,7.5,26,,,N,nLsoQ9,N,verified
196,QdPbTF,Born Yesterday,Born Yesterday,7.5,25,,,N,nLsoQ9,N,verified
197,NU4qr0,Bosden,Bosden,6.8,42,,,N,nHLlnK,N,verified
198,Yjd19k,Bottle Rocket IPA,Bottle Rocket IPA,6.5,30,,,N,4F7QA9,N,verified
199,yORSh7,Bourbon Barrel Aged Imperial Stout,Bourbon Barrel Aged Imperial Stout,11.2,43,,,N,TMc6H2,N,verified
200,giziAd,Bourbon Barrel Aged Imperial Stout With Coffee,Bourbon Barrel Aged Imperial Stout With Coffee,11.2,43,,,N,TMc6H2,N,verified
201,5lW8HD,Bourbon Barrel Aged Maillard's Odyssey,Bourbon Barrel Aged Maillard's Odyssey,,28,,,N,nHLlnK,N,verified
202,t28a6A,Brandy Barrel-Aged Ten Fidy,Brandy Barrel-Aged Ten Fidy,10.5,43,,,N,q6vJUK,N,verified
203,PRRZBx,Brass & Blues,Brass & Blues,6.4,72,,,N,q6vJUK,N,verified
204,hImGQV,Braupakt,Braupakt,6,48,,,N,nHLlnK,N,verified
205,KuiKeS,Breakfast At Chicos,Breakfast At Chicos,7.5,44,,,N,nHLlnK,N,verified
206,pZEIiV,Breck IPA,Breck IPA,6.3,30,,,N,IImUD9,N,verified
207,IkgmFq,Breckenridge Christmas Ale,Breckenridge Christmas Ale,7.4,29,,5,N,IImUD9,N,verified
208,RcyKuX,Bretthead,Bretthead,6.1,30,,,N,VEY3Xa,N,verified
209,bMv56j,Brewery Lane Series: Biére De Garde,Brewery Lane Series: Biére De Garde,9,71,,,N,IImUD9,N,verified
210,9slIEB,Broken Vow,Broken Vow,,158,,,N,nHLlnK,N,verified
211,CRw8Gu,Brown Eyed Buckeye,Brown Eyed Buckeye,8.6,30,,5,N,TMc6H2,N,verified
212,TpiDMC,Brown Shugga',Brown Shugga',9.9,29,,5,N,nLsoQ9,N,verified
213,d2nhC0,Brown's Point ESB,Brown's Point ESB,5.6,5,,,N,DMU2Kf,N,verified
214,GwYXdk,Brux,Brux,8.3,125,,,N,nHLlnK,N,verified
215,P3fflp,Bubbly Wit,Bubbly Wit,7.1,61,,,N,p3YrOa,N,verified
216,8MMa77,Bud Dry,Bud Dry,5,94,,,N,BznahA,N,verified
217,W2dlxg,Bud Extra,Bud Extra,6.6,124,,,N,BznahA,N,verified
218,qGhR1j,Bud Ice,Bud Ice,5.5,97,,,N,BznahA,N,verified
219,SaQFBA,Bud Ice Light,Bud Ice Light,4.1,97,,,N,BznahA,N,verified
220,dimtrs,Bud Light,Bud Light,4.2,94,,5,N,BznahA,N,verified
221,Abbvjh,Bud Light Apple,Bud Light Apple,4.2,94,,,N,BznahA,N,verified
222,Dvucvo,Bud Light Blends Lemon,Bud Light Blends Lemon,3.5,119,,,N,BznahA,N,verified
223,t9aucT,Bud Light Chelada,Bud Light Chelada,4.2,94,,5,N,BznahA,N,verified
224,4zruzt,Bud Light Golden Wheat,Bud Light Golden Wheat,4.1,61,,,N,BznahA,N,verified
225,MzoCPz,Bud Light Lime,Bud Light Lime,4.2,94,,5,N,BznahA,N,verified
226,VwOYAS,Bud Light Lime Mang-O-Rita,Bud Light Lime Mang-O-Rita,8,161,,,N,BznahA,N,verified
227,WQsARu,Bud Light Orange,Bud Light Orange,4.2,94,,,N,BznahA,N,verified
228,hd8yE8,Bud Light Platinum,Bud Light Platinum,6,94,,5,N,BznahA,N,verified
229,LXWiDB,Bud Light Radler - Grapefuit,Bud Light Radler - Grapefuit,2.4,119,,,N,BznahA,N,verified
230,YCBXba,Bud Light Straw-Ber-Rita,Bud Light Straw-Ber-Rita,8,161,,,N,BznahA,N,verified
231,doijNb,Buddha's Hand - Mountain Series,Buddha's Hand - Mountain Series,,119,,,N,IImUD9,N,verified
232,1P45iR,Budweiser,Budweiser,5,93,,5,N,BznahA,N,verified
233,ueYGTP,Budweiser 1933 Repeal Reserve,Budweiser 1933 Repeal Reserve,6.1,101,,,N,BznahA,N,verified
234,hlynwj,Budweiser American Ale,Budweiser American Ale,5.1,32,,,N,BznahA,N,verified
235,eW9IJb,Budweiser Chelada,Budweiser Chelada,5,93,,5,N,BznahA,N,verified
236,mobjLC,Budweiser Copper Lager,Budweiser Copper Lager,6.2,101,,,N,BznahA,N,verified
237,bQk5Rn,Budweiser Freedom Reserve,Budweiser Freedom Reserve,5.4,101,,,N,BznahA,N,verified
238,jjIwuS,Budweiser Prohibition Brew,Budweiser Prohibition Brew,0.5,139,,,N,BznahA,N,verified
239,G2Vi1J,Budweiser Select,Budweiser Select,4.3,94,,5,N,BznahA,N,verified
240,BbrPm8,Buffalo Trace Aged Scotch Ale,Buffalo Trace Aged Scotch Ale,11.1,15,,,N,nHLlnK,N,verified
241,jnOm9n,Buffalo Trace Barrel-Aged Bearwalker,Buffalo Trace Barrel-Aged Bearwalker,,134,,,Y,p1tFbP,N,verified
242,dRIuaV,Bulleit Bourbon Ten Fidy,Bulleit Bourbon Ten Fidy,,24,,,N,q6vJUK,N,verified
243,5ON8OO,Bulleit Bourbon Ten Fidy,Bulleit Bourbon Ten Fidy (2013),11,24,2013,,N,q6vJUK,N,verified
244,QhHBBX,Busch,Busch,4.6,93,,5,N,BznahA,N,verified
245,fKinUP,Busch Ice,Busch Ice,5.9,99,,5,N,BznahA,N,verified
246,30zzKy,Busch Light,Busch Light,4.1,94,,5,N,BznahA,N,verified
247,vNwXnT,Busch Signature Copper Lager,Busch Signature Copper Lager,5.7,93,,5,N,BznahA,N,verified
248,zYJxUM,Cabin Fever,Cabin Fever,6.5,37,,5,N,AqEUBQ,N,verified
249,9OyQXs,California Black Beer,California Black Beer,4.9,103,,5,N,941OaA,N,verified
250,GTbXLB,Cambium,Cambium,5.8,170,,,N,TMc6H2,N,verified
251,xpBGZB,CANfusion - Beer Camp Across America,CANfusion - Beer Camp Across America (2014),7.2,117,2014,5,N,q6vJUK,N,verified
252,qa1QZU,Cappuccino Stout,Cappuccino Stout,8.9,20,,5,N,nLsoQ9,N,verified
253,80tC1T,Cask-Aid,Cask-Aid,5.5,,,5,N,nHLlnK,N,verified
254,04k0TG,Casper The Friendly Gose,Casper The Friendly Gose,5,47,,,N,p1tFbP,N,verified
255,KY5gtZ,Celebration Ale,Celebration Ale,6.8,26,,5,N,nHLlnK,N,verified
256,PLnqH7,Celebration Ale 1992,Celebration Ale 1992,,25,,,N,nHLlnK,N,verified
257,v5a7l8,Celebrator Beer News,Celebrator Beer News,9.3,29,,,N,nHLlnK,N,verified
258,lyc9as,Censored (Kronik),Censored (Kronik),6.75,32,,,N,nLsoQ9,N,verified
259,tZkS7X,Censored Imperial Stout,Censored Imperial Stout,9.9,32,,,N,nLsoQ9,N,verified
260,GboTWT,Censored Rich Copper Ale,Censored Rich Copper Ale,6.75,32,,5,N,nLsoQ9,N,verified
261,zd3xxc,Centennial Hop Mountain Marzen (Batch No. 80524),Centennial Hop Mountain Marzen (Batch No. 80524),5.9,102,,3,N,BznahA,N,verified
262,1C793t,Centennial Saison,Centennial Saison,6,72,,,N,q6vJUK,N,verified
263,1t3vFB,Chai Porter,Chai Porter,5.6,18,,,Y,p1tFbP,N,verified
264,guH320,Chaka,Chaka,8,62,,,N,q6vJUK,N,verified
265,Ontrer,Chardonnay Barrel G'Knight,Chardonnay Barrel G'Knight,8.7,33,,,N,q6vJUK,N,verified
266,ct0Hxz,Charkoota Rye,Charkoota Rye (2012),9.35,90,2012,,N,AqEUBQ,N,verified
267,lUt8yP,Charkoota Rye,Charkoota Rye (2011),8.4,90,2011,5,N,AqEUBQ,N,verified
268,qqOqX9,Chernigivske White,Chernigivske White,5,112,,,N,BznahA,N,verified
269,LkfL1Y,Cherry Chocolate Stout,Cherry Chocolate Stout,8.5,31,,,N,nHLlnK,N,verified
270,WHKIRY,Cherry Hotside Sour,Cherry Hotside Sour,4.8,170,,,N,nLsoQ9,N,verified
271,zhzeah,Cherry Jane,Cherry Jane,5.5,40,,,N,nLsoQ9,N,verified
272,wIRsU0,Cherry Vanilla Stout,Cherry Vanilla Stout,5.5,42,,,Y,p1tFbP,N,verified
273,3wh93y,Chewbocka,Chewbocka,6.2,88,,,N,VEY3Xa,N,verified
274,Z10a03,Chico King - Beer Camp Across America,Chico King - Beer Camp Across America (2014),6.5,25,2014,5,N,nHLlnK,N,verified
275,dnUKxu,Chocolate Chili Stout - High Altitude Series,Chocolate Chili Stout - High Altitude Series,8.8,43,,,N,nHLlnK,N,verified
276,T1YdsG,Chocolate Pretzel Stout,Chocolate Pretzel Stout,5.2,122,,,Y,p1tFbP,N,verified
277,x71Neo,Chocolate Stout (Cask Conditioned) Aka Double Chocolate Snowman Stout,Chocolate Stout (Cask Conditioned) Aka Double Chocolate Snowman Stout,,42,,,Y,p1tFbP,N,verified
278,EBgR2m,Choice Make Good,Choice Make Good,8.3,31,,,N,VEY3Xa,N,verified
279,zpvlri,Christmas Chub,Christmas Chub,8,124,,,N,q6vJUK,N,verified
280,oEiXJV,Christmas Jam,Christmas Jam,4.2,108,,5,N,nHLlnK,N,verified
281,Hh3VFp,Cinnister Stout,Cinnister Stout,5,42,,,N,p3YrOa,N,verified
282,iTZlLw,Citra IPL,Citra IPL,5.2,30,,,Y,p1tFbP,N,verified
283,yQqOSf,Citra Pale Ale,Citra Pale Ale,,25,,,Y,p1tFbP,N,verified
284,tMseDR,Citrus And Vanilla Berlinerweisse,Citrus And Vanilla Berlinerweisse,4.7,46,,,N,4F7QA9,N,verified
285,8pAabO,CitruSinensis,CitruSinensis,7.9,25,,,Y,nLsoQ9,N,verified
286,3dsDxX,Clean Sweep,Clean Sweep,3.5,36,,,N,nHLlnK,N,verified
287,CtLLsH,Coco Nuts,Coco Nuts,5,72,,,N,p3YrOa,N,verified
288,mXym9s,Coffee Stout,Coffee Stout,6.2,44,,,N,nHLlnK,N,verified
289,gfFqa1,Cold Nose Winter Ale,Cold Nose Winter Ale,,13,,,N,yX6twV,Y,verified
290,qhppip,Collabinator Wit,Collabinator Wit,,65,,,Y,p1tFbP,N,verified
291,h2d5zt,Conehead,Conehead,5.7,30,,,N,VEY3Xa,N,verified
292,a1DUfG,Cool Breeze,Cool Breeze,4.9,72,,,N,TMc6H2,N,verified
293,sghlNk,Cornlaboration,Cornlaboration,5.8,93,,,N,q6vJUK,N,verified
294,uycrg9,Corsair Buckwheat Porter,Corsair Buckwheat Porter,,158,,,Y,p1tFbP,N,verified
295,ViVJh6,CÔTE DE CHAMPLAIN,CÔTE DE CHAMPLAIN,6.1,125,,,N,VEY3Xa,N,verified
296,ehb1eB,Country Pale Ale,Country Pale Ale,5.1,25,,5,N,DifSi4,N,verified
297,bqKaTO,Cran-Ber-Rita,Cran-Ber-Rita,8,161,,,N,BznahA,N,verified
298,C7bzqV,Cranberry Kolsch,Cranberry Kolsch,5,45,,,N,p3YrOa,N,verified
299,bHmQdD,Crank Tank,Crank Tank,5.8,112,,5,N,TMc6H2,N,verified
300,FDpmPR,Crank Tank Rye'd Ale,Crank Tank Rye'd Ale,6.2,115,,,N,TMc6H2,N,verified
301,BkSzxg,Cream Ale,Cream Ale,5.9,20,,,Y,p1tFbP,N,verified
302,xwLUUb,Cream Ale,Cream Ale,5,109,,5,N,yX6twV,N,verified
303,537zpn,Credits & Debits,Credits & Debits,5,25,,,N,AqEUBQ,N,verified
304,fDmp62,Crye Me A River,Crye Me A River,5.6,117,,,N,q6vJUK,N,verified
305,S1oEH9,CSB ESB,CSB ESB,,5,,,N,yX6twV,Y,verified
306,AvtUms,Cubcrawler,Cubcrawler,,14,,,Y,p1tFbP,N,verified
307,3PGxCQ,Cuvée Jeune Homme,Cuvée Jeune Homme,6.5,170,,,N,uM2jeT,N,verified
308,nF8WBb,Cuvée Mam'zelle,Cuvée Mam'zelle,8.5,57,,,N,uM2jeT,N,verified
309,rDnNdd,Cuvée Soeur’ise,Cuvée Soeur’ise,8.5,59,,,N,uM2jeT,N,verified
310,nFcIwJ,D07,D07,,112,,,Y,p1tFbP,N,verified
311,iT9pf4,Dale's Pale Ale,Dale's Pale Ale,6.5,25,,5,N,q6vJUK,N,verified
312,2ADEYR,Dale's Pale Ale Nitro,Dale's Pale Ale Nitro,6.5,25,,,N,q6vJUK,N,verified
313,JDzrBR,Dales Dry Hop Equinox,Dales Dry Hop Equinox,6.5,25,,,N,q6vJUK,N,verified
314,vXifKs,Dales T45 Dry Hop,Dales T45 Dry Hop,6.5,25,,,N,q6vJUK,N,verified
315,XrRTUJ,Dales T90 Dry Hop,Dales T90 Dry Hop,6.5,25,,,N,q6vJUK,N,verified
316,6gFiUn,Dank Tank Border Hopper,Dank Tank Border Hopper,8.6,31,,,N,TMc6H2,N,verified
317,LR5oG8,Dank Tank BSP Quad,Dank Tank BSP Quad,11,60,,,N,TMc6H2,Y,verified
318,69tWZj,Dank Tank Ghoulash,Dank Tank Ghoulash,8.5,31,,5,N,TMc6H2,N,verified
319,BlcFcv,Dank Tank Magnum IP,Dank Tank Magnum IP,9,76,,,N,TMc6H2,Y,verified
320,ARoWVg,Dank Tank Old Man Johnson's Farm,Dank Tank Old Man Johnson's Farm,9.6,43,,,N,TMc6H2,N,verified
321,ov7fgF,Dank Tank Pulled Porter,Dank Tank Pulled Porter,7.7,18,,,N,TMc6H2,N,verified
322,DEojxv,Dank Tank Red Hot Mama,Dank Tank Red Hot Mama,8.6,33,,,N,TMc6H2,N,verified
323,9nXV0D,Dank Tank The Price is Wrong,Dank Tank The Price is Wrong,9,64,,,N,TMc6H2,N,verified
324,zc3p4y,Dank Tank: Smokey and the Brett,Dank Tank: Smokey and the Brett,7.3,30,,,N,TMc6H2,N,verified
325,x3ijRg,Dank Tank: Some Strange II Black IPA,Dank Tank: Some Strange II Black IPA,10,41,,,N,TMc6H2,N,verified
326,sqELhU,Dark Knight,Dark Knight,,18,,,Y,p1tFbP,N,verified
327,0HZF08,Dark Swan,Dark Swan,8.7,40,,,N,nLsoQ9,N,verified
328,XVWs1B,Dark Wheat,Dark Wheat,,97,,,N,nHLlnK,N,verified
329,6f6SpY,Das Bij,Das Bij,5.6,72,,,Y,p1tFbP,N,verified
330,24UMt9,Davey Murray's Best Scotch Ale,Davey Murray's Best Scotch Ale,9.5,15,,,N,nLsoQ9,N,verified
331,qgR2pv,DayTime Ale,DayTime Ale,4.65,164,,5,N,nLsoQ9,N,verified
332,bwmm73,Daytona Dark Wheat Lager (Batch No. 32218),Daytona Dark Wheat Lager (Batch No. 32218),5,103,,5,N,BznahA,N,verified
333,MDLWPq,De Achste Hond Peach Sour,De Achste Hond Peach Sour,7,40,,8,N,yX6twV,N,verified
334,HXVdFT,Death By Coconut,Death By Coconut,6.5,18,,,N,q6vJUK,N,verified
335,TQaDOh,Death By Coconut (Rum Barrel Aged),Death By Coconut (Rum Barrel Aged),11.5,158,,,N,q6vJUK,N,verified
336,ZvzhRI,Deer Antler,Deer Antler,,117,,,Y,p1tFbP,N,verified
337,7Tfy0M,Demon Brewn,Demon Brewn,,62,,,Y,p1tFbP,N,verified
338,ABAHdk,Deuce,Deuce,7,37,,,N,q6vJUK,N,verified
339,4nRKTH,DevESTATEtion,DevESTATEtion,6.7,41,,5,N,nHLlnK,N,verified
340,7dkC8e,Deviant Dale’s,Deviant Dale’s,8,30,,5,N,q6vJUK,N,verified
341,RDEj6L,Devil Dog Imperial IPA,Devil Dog Imperial IPA,10.8,31,,,N,yX6twV,N,verified
342,3XBmmp,Devils Double,Devils Double,8,31,,,N,p3YrOa,N,verified
343,kK34fk,Diggler Double IPA,Diggler Double IPA,8,31,,,N,4F7QA9,N,verified
344,cOSoch,Dire Wolf,Dire Wolf,6.2,30,,,N,p1tFbP,N,verified
345,bHDV83,Dirty Blonde Ale,Dirty Blonde Ale,4.5,36,,,N,4F7QA9,N,verified
346,XWveu5,Dock Street Walker,Dock Street Walker,,44,,,N,p3YrOa,N,verified
347,NE2Dpl,Dogs of Helles,Dogs of Helles,4,89,,,N,yX6twV,N,verified
348,aabOus,DogZilla Black IPA,DogZilla Black IPA,6.9,30,,3,N,yX6twV,N,verified
349,gEUoCZ,Doppel Sticky,Doppel Sticky,7.7,55,,6,N,nLsoQ9,N,verified
350,CMvItN,Doppel Weizen,Doppel Weizen,8.5,48,,5,N,nLsoQ9,N,verified
351,hn9LIa,Doppelbock,Doppelbock,,90,,,N,q6vJUK,N,verified
352,0I5b84,Double DeBOCKel,Double DeBOCKel,9.4,90,,,N,nHLlnK,N,verified
353,LVSSPk,Double Latte - Beer Camp Across America,Double Latte - Beer Camp Across America (2014),7.6,20,2014,5,N,nHLlnK,Y,verified
354,WHQisc,Dragon's Milk,Dragon's Milk,11,43,,8,N,AqEUBQ,N,verified
355,ZDbYzs,Dragon's Milk Reserve Coconut Rum,Dragon's Milk Reserve Coconut Rum,11,43,,,N,AqEUBQ,N,verified
356,uhfEWi,Dragon's Milk Reserve Mexican Spice Cake,Dragon's Milk Reserve Mexican Spice Cake,11,43,,,N,AqEUBQ,N,verified
357,Vuhegf,Dragon's Milk Reserve Triple-Mashed,Dragon's Milk Reserve Triple-Mashed,11,43,,,N,AqEUBQ,N,verified
358,RXEBYd,Dragon's Milk Reserve Vanilla Chai,Dragon's Milk Reserve Vanilla Chai,11,43,,,N,AqEUBQ,N,verified
359,HHG2Nn,Dragon's Milk Reserve with Coffee And Chocolate,Dragon's Milk Reserve with Coffee And Chocolate,11,43,,,N,AqEUBQ,N,verified
360,ndgIxK,Dragon's Milk Reserve with S'mores,Dragon's Milk Reserve with S'mores,11,43,,,N,AqEUBQ,N,verified
361,2wvRmF,Dragon's Milk Reserve with Toasted Chilies,Dragon's Milk Reserve with Toasted Chilies,11,43,,,N,AqEUBQ,N,verified
362,BnYgKN,Dragon's Milk Reserve with Vanilla Chai,Dragon's Milk Reserve with Vanilla Chai,11,43,,,N,AqEUBQ,N,verified
363,IpcSsv,Dragon's Milk Reserve: Brewer's Select,Dragon's Milk Reserve: Brewer's Select,12,43,,,N,AqEUBQ,N,verified
364,ZJJ8yY,Dragon's Milk Reserve: Cherry Chocolate,Dragon's Milk Reserve: Cherry Chocolate,11,43,,,N,AqEUBQ,N,verified
365,8lo5KQ,Dragon's Milk Reserve: Mexican Spice Cake,Dragon's Milk Reserve: Mexican Spice Cake,11,43,,,N,AqEUBQ,N,verified
366,DwfEan,Dragon's Milk Reserve: Raspberry Lemon,Dragon's Milk Reserve: Raspberry Lemon,11,134,,,N,AqEUBQ,N,verified
367,fMn3Hq,Dragon's Milk Reserve: Salted Caramel,Dragon's Milk Reserve: Salted Caramel,11,43,,,N,AqEUBQ,N,verified
368,Y6iD9x,Dragon’s Milk Reserve with Raspberries,Dragon’s Milk Reserve with Raspberries,11,134,,,N,AqEUBQ,N,verified
369,3tlrAU,Dragon’s Milk Reserve: Banana Coconut,Dragon’s Milk Reserve: Banana Coconut,11,43,,,N,AqEUBQ,N,verified
370,UTh8Gm,Dragon’s Milk Reserve: Mocha Mint,Dragon’s Milk Reserve: Mocha Mint,11,43,,,N,AqEUBQ,N,verified
371,4GgbWG,Draught-Style Pale Ale,Draught-Style Pale Ale,5,25,,,N,nHLlnK,N,verified
372,1LvpyW,Drink This IPA,Drink This IPA,6.1,30,,,N,DMU2Kf,N,verified
373,4iQV5k,Dry Hopped Coastal Pilsner (Batch No. 23185),Dry Hopped Coastal Pilsner (Batch No. 23185),6,98,,4,N,BznahA,N,verified
374,hqQhp6,Dry Irish Stout,Dry Irish Stout,4.8,42,,,N,IImUD9,N,verified
375,dFaMLe,Dry-Hopped Censored Ale,Dry-Hopped Censored Ale,6.7,125,,,N,nLsoQ9,N,verified
376,utrZWH,Dubbel,Dubbel,7.4,58,,,N,VEY3Xa,N,verified
377,RsTK7E,Dude of York,Dude of York,4.5,3,,5,N,941OaA,N,verified
378,vzcxNZ,Dunkelweizen,Dunkelweizen,5.5,52,,,N,nHLlnK,N,verified
379,hKT9uI,Dunkelweizen Bock,Dunkelweizen Bock,7.2,53,,,N,nHLlnK,N,verified
380,nvaDvZ,Eagle Rare Barrel Aged Scotch Ale,Eagle Rare Barrel Aged Scotch Ale,11.3,15,,,N,nHLlnK,N,verified
381,AC98pm,Earth Day EPA,Earth Day EPA,5.2,5,,5,N,nHLlnK,N,verified
382,jcxBhr,el Mole Ocho,el Mole Ocho (2011),8.4,125,2011,5,N,AqEUBQ,N,verified
383,YBxI4X,El Mole Ocho,El Mole Ocho,10,124,,,N,AqEUBQ,N,verified
384,PSRi4b,Electric Ray,Electric Ray,8.5,31,,,N,nHLlnK,N,verified
385,jBjeGJ,Electric Ray - Beer Camp Across America,Electric Ray - Beer Camp Across America (2014),8.5,97,2014,5,N,nHLlnK,N,verified
386,OFYff7,Envious,Envious (2012),7.5,119,2012,8,N,AqEUBQ,N,verified
387,DGhJbX,Equinox,Equinox,8.4,25,,,Y,nLsoQ9,N,verified
388,ebYlhO,Eroica,Eroica,7.4,72,,,N,nLsoQ9,N,verified
389,MtJRP6,ESB,ESB,5.5,5,,,Y,4F7QA9,N,verified
390,TavGRG,ESB - Early Spring Beer,ESB - Early Spring Beer,5.9,25,,5,N,nHLlnK,N,verified
391,LDb6oj,Estate Ale,Estate Ale,6.7,125,,5,Y,nHLlnK,N,verified
392,kusLBU,Existential,Existential,11.1,34,,,N,AqEUBQ,N,verified
393,Dn64tp,Experimental Hop Double IPA,Experimental Hop Double IPA,8,31,,,N,nHLlnK,N,verified
394,z9eSax,EXPERIMENTAL HOP PILSNER,EXPERIMENTAL HOP PILSNER,5.5,98,,,N,nHLlnK,N,verified
395,bTNGkO,Experimental Hop Session IPA,Experimental Hop Session IPA,4.6,164,,,N,nHLlnK,N,verified
396,H20aOl,Extra ESB - Small Batch Series,Extra ESB - Small Batch Series,7.8,5,,,N,IImUD9,N,verified
397,35wxef,Extra Stout,Extra Stout,5.3,23,,,N,VEY3Xa,N,verified
398,YViUzm,Extra Time,Extra Time,5.8,80,,,N,AqEUBQ,N,verified
399,xjwBeb,Fall Ball Red,Fall Ball Red,8,33,,5,N,DMU2Kf,N,verified
400,JW5SJV,Family Values,Family Values,8.5,37,,,N,nHLlnK,N,verified
401,xXEmDi,Fandom Ale Fusion XXXIX,Fandom Ale Fusion XXXIX,5.5,112,,,N,nLsoQ9,N,verified
402,QefHZY,Farmhouse Hatter,Farmhouse Hatter,5.07,62,,8,N,AqEUBQ,N,verified
403,xqbL8h,Fat Slim,Fat Slim,5,30,,,N,q6vJUK,N,verified
404,KPu2Ot,Festival Bier,Festival Bier,6,102,,,N,nHLlnK,N,verified
405,RsGMGn,Festive Ale,Festive Ale (2013),8.5,124,2013,,N,TMc6H2,N,verified
406,ULacWY,Fils à Papa IV,Fils à Papa IV,6.5,136,,,N,uM2jeT,N,verified
407,6fJQfz,Fils À Papa V,Fils À Papa V,8.5,59,,,N,uM2jeT,N,verified
408,ttJysx,Filthy Pumpkin,Filthy Pumpkin,7.75,43,,,N,AqEUBQ,N,verified
409,9Ylplt,Fistful of Hops,Fistful of Hops,6.2,25,,,N,nHLlnK,N,verified
410,ceP1Cs,Five Hop - Experimental IPA,Five Hop - Experimental IPA,5.8,30,,,N,nHLlnK,N,verified
411,ePh6fw,Flipside Red IPA,Flipside Red IPA,6.2,32,,5,N,nHLlnK,N,verified
412,OxvWPv,Floral IPA - Beer Camp #53,Floral IPA - Beer Camp #53,5.9,30,,,N,nHLlnK,N,verified
413,1XAbSf,Foam Pilsner,Foam Pilsner,5.6,98,,,N,nHLlnK,N,verified
414,iYbsQ5,Fohn,Fohn,4.7,80,,,N,AqEUBQ,N,verified
415,3wspDn,Foreign Extra Stout (Ghana),Foreign Extra Stout (Ghana),7.5,16,,,N,HaPdSL,N,verified
416,3nrJLN,Four Hopsmen - Comet Dry Hopped,Four Hopsmen - Comet Dry Hopped,5.2,25,,,N,q6vJUK,N,verified
417,g7a7Uo,Four Hopsmen - HBC 472,Four Hopsmen - HBC 472,5.2,25,,,N,q6vJUK,N,verified
418,IRIveF,Four Hopsmen - Hop Head Farms Eperimental Dry Hopped,Four Hopsmen - Hop Head Farms Eperimental Dry Hopped,5.2,25,,,N,q6vJUK,N,verified
419,ul1jng,Four Hopsmen - Mandarina Bavaria Dry Hopped,Four Hopsmen - Mandarina Bavaria Dry Hopped,5.2,25,,,N,q6vJUK,N,verified
420,HqKYLu,Four Roses Bourbon Bearwalker Sour,Four Roses Bourbon Bearwalker Sour,,40,,,Y,p1tFbP,N,verified
421,VyWf1j,Four Roses Rompo,Four Roses Rompo,,118,,,Y,p1tFbP,N,verified
422,CFiVaj,Four Roses Sour,Four Roses Sour,,40,,,Y,p1tFbP,N,verified
423,N5lJcK,Four Witches ,Four Witches ,7.3,72,,,N,AqEUBQ,N,verified
424,rJ51vR,Freedom Tickler,Freedom Tickler,6.8,72,,,N,q6vJUK,N,verified
425,YaI6zp,Fresh Hop - Mountain Series,Fresh Hop - Mountain Series,6.2,26,,5,N,IImUD9,N,verified
426,FVFucy,Fresh Hop Double IPA,Fresh Hop Double IPA,8,31,,,N,nHLlnK,N,verified
427,1FBXjy,Fresh Hop IPA,Fresh Hop IPA,6.4,30,,,N,nHLlnK,N,verified
428,t0iVWe,Fresh Hops of Bel-Air,Fresh Hops of Bel-Air,5.5,32,,,N,q6vJUK,N,verified
429,tDKmD5,Fresh Sticky Nugs,Fresh Sticky Nugs,8,31,,,N,TMc6H2,N,verified
430,907FUe,Fugli,Fugli,5.8,30,,5,N,q6vJUK,N,verified
431,PsFAwd,Full Circle,Full Circle,4.9,45,,5,N,AqEUBQ,N,verified
432,AI17Hf,Fumble Brewski,Fumble Brewski,4.5,101,,,N,q6vJUK,N,verified
433,whlYbK,Funk Vessel,Funk Vessel,,40,,,N,AqEUBQ,N,verified
434,276GV8,Funkytown,Funkytown,6,170,,,N,VEY3Xa,N,verified
435,CWqXDN,Fusion 16,Fusion 16,4.8,108,,,N,nLsoQ9,N,verified
436,w7z0LS,Fusion 17,Fusion 17,5.5,37,,,N,nLsoQ9,Y,verified
437,JoGCC1,Fusion 18,Fusion 18,10,34,,,N,nLsoQ9,N,verified
438,hy7HsS,Fusion 20,Fusion 20,9,31,,,N,nLsoQ9,N,verified
439,HG1dy6,Fusion 21,Fusion 21,4.7,30,,,N,nLsoQ9,N,verified
440,uec7XF,Fusion 22,Fusion 22,7.8,125,,,N,nLsoQ9,N,verified
441,Cn8hSH,Fusion 23,Fusion 23,7,30,,,N,nLsoQ9,N,verified
442,LVghwn,Fusion 24,Fusion 24,5.7,32,,,N,nLsoQ9,N,verified
443,BZGnql,Fusion 26,Fusion 26,6.65,26,,,N,nLsoQ9,N,verified
444,5iehRZ,Fusion 30,Fusion 30,7.1,61,,,N,nLsoQ9,N,verified
445,GXDZpo,Fusion 32,Fusion 32,7.5,30,,,N,nLsoQ9,N,verified
446,cX0XkP,Fusion 34 Michiganja,Fusion 34 Michiganja,6.7,18,,,N,nLsoQ9,N,verified
447,UFPFnA,Fusion 36: London Confusion,Fusion 36: London Confusion,6.5,2,,,N,nLsoQ9,N,verified
448,GNtxMV,Fusion 39,Fusion 39,5.5,25,,,N,nLsoQ9,N,verified
449,dTCluj,Fusion 40,Fusion 40,8.5,31,,,N,nLsoQ9,N,verified
450,yZruL5,Fusion 48,Fusion 48,8.3,30,,,N,nLsoQ9,N,verified
451,vLTky5,Fusion 49,Fusion 49,6.5,30,,,N,nLsoQ9,N,verified
452,b65A4y,Fusion 9,Fusion 9,5.5,31,,,N,nLsoQ9,N,verified
453,7BGyan,Fuzzworthy,Fuzzworthy,5.9,30,,,N,VEY3Xa,N,verified
454,mUt5nB,G'Afternoon,G'Afternoon,6,30,,,N,q6vJUK,N,verified
455,69R1Vd,G'Knight,G'Knight,8.7,31,,5,N,q6vJUK,N,verified
456,CU2xRZ,G'Knight (Breckenridge Whiskey Barrel Aged),G'Knight (Breckenridge Whiskey Barrel Aged),8.7,33,,,N,q6vJUK,N,verified
457,esFZwY,G'Knight Imperial Red IPA,G'Knight Imperial Red IPA,8.7,138,,,N,q6vJUK,N,verified
458,9cqNKc,Georgia Brown,Georgia Brown,5.8,37,,5,N,TMc6H2,N,verified
459,oLL7QN,German Style IPA,German Style IPA,6.1,30,,,N,nHLlnK,N,verified
460,HiunCp,Gingerbread Old Chub,Gingerbread Old Chub,8,8,,,N,q6vJUK,N,verified
461,oBALsi,Glissade Golden Bock,Glissade Golden Bock,6.4,89,,5,N,nHLlnK,N,verified
462,VFG5pL,GnarlyWine,GnarlyWine,10.6,34,,5,N,nLsoQ9,N,verified
463,jMQlvu,Goin' Coastal,Goin' Coastal,6.1,30,,,N,TMc6H2,N,verified
464,8qafAu,Golden Ale,Golden Ale,4.5,36,,,N,HaPdSL,N,verified
465,WCPtV5,Golden Cap Saison Ale,Golden Cap Saison Ale,6.25,72,,5,N,AqEUBQ,N,verified
466,ZVmIsO,Golden Flash,Golden Flash,5.7,1,,,N,AqEUBQ,N,verified
467,llmv40,Golden IPA,Golden IPA,5.9,30,,,N,nHLlnK,N,verified
468,trEROu,Good Game,Good Game,11,60,,,N,q6vJUK,N,verified
469,FocTXx,Goofer Dust,Goofer Dust,6.1,25,,,Y,q6vJUK,N,verified
470,S3xcp2,Gr8ful Anniversary Ale,Gr8ful Anniversary Ale,5.2,119,,,N,VEY3Xa,N,verified
471,CwbQiB,Grand Royal,Grand Royal,8.3,31,,,N,VEY3Xa,N,verified
472,4o9Ml2,Grandma's Closet,Grandma's Closet,7.6,132,,,N,nHLlnK,N,verified
473,17XX3q,GRAPE-A-RITA,GRAPE-A-RITA,,161,,,N,BznahA,N,verified
474,U7lF72,Grass Monkey,Grass Monkey,5.4,112,,,N,TMc6H2,N,verified
475,wJ9ull,Gravenstime,Gravenstime,4.6,164,,5,N,nLsoQ9,N,verified
476,o4farp,Gravitation Collaboration,Gravitation Collaboration,7.8,89,,,Y,AqEUBQ,N,verified
477,Cj5RaA,Great Pumpkin,Great Pumpkin,5.5,121,,,N,p3YrOa,N,verified
478,nPSHXY,Green Monsta IPA,Green Monsta IPA,7.3,30,,5,N,DifSi4,N,verified
479,DUmEEi,Green State Lager,Green State Lager,4.9,98,,,N,VEY3Xa,N,verified
480,GVNZZQ,Green Valley Wild Hop Lager,Green Valley Wild Hop Lager,5,97,,5,Y,BznahA,N,verified
481,7gKo41,Grizzly Imperial Pale Ale,Grizzly Imperial Pale Ale,8.1,30,,,N,4F7QA9,N,verified
482,avUZok,Ground Score,Ground Score,7.1,25,,,N,TMc6H2,N,verified
483,56HXGK,GUARD de BEER,GUARD de BEER,7,71,,,N,nHLlnK,N,verified
484,coUX1m,Gubna,Gubna,10,31,,5,N,q6vJUK,N,verified
485,pq9MUi,Gubna Barrel Aged,Gubna Barrel Aged,11,31,,,N,q6vJUK,N,verified
486,2YWln7,Gubna Imperial IPA,Gubna Imperial IPA,10,31,,,N,q6vJUK,N,verified
487,NamZiK,Guinness 250th Anniversary Stout,Guinness 250th Anniversary Stout,5,42,,5,N,HaPdSL,N,verified
488,Yq3v6n,Guinness Black Lager,Guinness Black Lager,4.5,84,,5,N,HaPdSL,N,verified
489,qbeSzR,Guinness Blonde,Guinness Blonde,5,93,,5,N,HaPdSL,N,verified
490,StkEiv,Guinness Draught,Guinness Draught,4.3,23,,5,N,HaPdSL,N,verified
491,gkSM7N,Guinness Dublin Porter,Guinness Dublin Porter,3.8,24,,5,N,HaPdSL,N,verified
492,K2qBGW,Guinness Extra Stout,Guinness Extra Stout,5,42,,5,N,HaPdSL,N,verified
493,J9xszw,Guinness Foreign Extra,Guinness Foreign Extra,7.5,24,,5,N,HaPdSL,N,verified
494,c9u7Eo,Guinness Generous Ale,Guinness Generous Ale,5.6,22,,5,N,HaPdSL,N,verified
495,Ia4uJ0,Guinness Milk Stout,Guinness Milk Stout,5,20,,,N,HaPdSL,N,verified
496,8LowIZ,Guinness Nitro IPA,Guinness Nitro IPA,5.8,30,,,N,HaPdSL,N,verified
497,JfC6wN,Guinness Red Harvest Stout,Guinness Red Harvest Stout,4.1,23,,5,N,HaPdSL,N,verified
498,DGCFAD,Guinness Rye Pale Ale,Guinness Rye Pale Ale,5,117,,,N,HaPdSL,N,verified
499,unQfZE,Guinness Special Export,Guinness Special Export,8,24,,,N,HaPdSL,N,verified
500,FAIsfG,Guinness West Indies Porter,Guinness West Indies Porter,6,18,,,N,HaPdSL,N,verified
501,hf0GB8,Hairy Highlander,Hairy Highlander,,15,,,Y,p1tFbP,N,verified
502,4BzAQE,Happy Ending,Happy Ending (2014),9,43,2014,,N,TMc6H2,N,verified
503,Hb6O3U,Happy Ending,Happy Ending,9,43,,5,N,TMc6H2,N,verified
504,NRRfYP,Harbin Lager,Harbin Lager,5.5,77,,,N,BznahA,N,verified
505,CD9BLy,Harmon Killerbrew,Harmon Killerbrew,7.6,22,,5,N,DMU2Kf,N,verified
506,ztJYpI,Harp Lager,Harp Lager,5,97,,4,N,HaPdSL,N,verified
507,Yzokxa,Harp Premium Imported Lager,Harp Premium Imported Lager,4.5,97,,5,N,HaPdSL,N,verified
508,eIZS7k,Harvest Ale,Harvest Ale,6.5,25,,5,N,nHLlnK,Y,verified
509,GGaceU,Harvest Ale 2007,Harvest Ale 2007,6.7,25,,5,N,nHLlnK,N,verified
510,YEIMmF,Harvest Brewers Select IPA,Harvest Brewers Select IPA (2016),6.6,30,2016,,N,nHLlnK,N,verified
511,x8U1bY,Harvest Fresh Hop IPA - Southern Hemisphere Harvest,Harvest Fresh Hop IPA - Southern Hemisphere Harvest,6.7,26,,,N,nHLlnK,N,verified
512,CU1fkx,Harvest Newly Developed Hop IPA (2015),Harvest Newly Developed Hop IPA (2015),6.5,30,,,N,nHLlnK,N,verified
513,peyS4P,Harvest Single Hop IPA - Equinox Hops,Harvest Single Hop IPA - Equinox Hops,6.5,30,,5,N,nHLlnK,N,verified
514,0oHOZv,Harvest Single Hop IPA - Idaho 7 Varietal,Harvest Single Hop IPA - Idaho 7 Varietal,6.5,30,,,N,nHLlnK,N,verified
515,zGsXaD,Harvest Single Hop Mandarina Hops,Harvest Single Hop Mandarina Hops,6.5,30,,,N,nHLlnK,N,verified
516,FK6HtH,Harvest Single Hop Yakima #291,Harvest Single Hop Yakima #291,6.5,30,,,N,nHLlnK,N,verified
517,ZSCpkz,Harvest Wet Hop IPA - Northern Hemisphere Harvest,Harvest Wet Hop IPA - Northern Hemisphere Harvest,6.7,26,,,N,nHLlnK,N,verified
518,Mx9jQm,Harvest Wild Hop IPA - Neomexicanus Varietal,Harvest Wild Hop IPA - Neomexicanus Varietal,6.5,30,,,N,nHLlnK,N,verified
519,0s57EN,Hash Brown,Hash Brown,6.2,37,,,N,TMc6H2,N,verified
520,JKdiyv,Hash Session IPA,Hash Session IPA,4.2,164,,,N,TMc6H2,N,verified
521,Oawv0J,Hatchery series #4 Chocolate Milk Stout,Hatchery series #4 Chocolate Milk Stout,5.4,20,,,N,TMc6H2,N,verified
522,JzAHi3,Hatchery Series #5 - NE Style IPA,Hatchery Series #5 - NE Style IPA,7.5,30,,,N,TMc6H2,N,verified
523,ygnsjS,Hatchery Series 1 - Mosaic Hop IPA,Hatchery Series 1 - Mosaic Hop IPA,6.4,30,,,N,TMc6H2,N,verified
524,MZicx4,Hatchery Series 2 Mexican Style Lager,Hatchery Series 2 Mexican Style Lager,4.8,128,,,N,TMc6H2,N,verified
525,LnzGvI,Hatchery Series Release #6: Golden Summer Ale,Hatchery Series Release #6: Golden Summer Ale,4.8,36,,,N,TMc6H2,N,verified
526,b601KW,Hazy Little Thing,Hazy Little Thing,6.7,30,,,N,nHLlnK,N,verified
527,tuyIzW,Hazy Memory,Hazy Memory,7.7,172,,,N,nLsoQ9,N,verified
528,QFOApS,Hefe Proper Ale,Hefe Proper Ale,4,48,,5,N,IImUD9,Y,verified
529,5LHS1h,Hefeweizen,Hefeweizen,4.2,48,,,Y,p1tFbP,N,verified
530,zD2FYX,Hefeweizen,Hefeweizen,4,48,,,Y,4F7QA9,N,verified
531,DsrVwL,Hibiscus Strawberry Gose,Hibiscus Strawberry Gose,4,47,,,Y,p1tFbP,N,verified
532,FW35fB,High Life Light,High Life Light,4.5,94,,4,N,hGFVYy,N,verified
533,4U8cc8,High Sierra FestivAle,High Sierra FestivAle,5.2,36,,,N,nHLlnK,N,verified
534,IDxKzR,High West-ified Imperial Coffee Stout,High West-ified Imperial Coffee Stout,12.2,43,,,N,nLsoQ9,N,verified
535,5ntmM9,Holidale,Holidale,7.4,132,,,N,IImUD9,N,verified
536,GnPJde,Holidale (2016),Holidale (2016),10.3,132,,,N,IImUD9,N,verified
537,t787n5,Holidale (2017),Holidale (2017),8.8,132,,,N,IImUD9,N,verified
538,YUaX19,Holiday Ale (2011),Holiday Ale (2011),7.6,125,,5,N,nLsoQ9,N,verified
539,C0Ax0o,Holiday Haze,Holiday Haze,6.5,30,,,N,nHLlnK,N,verified
540,9UUKMj,Holiday Leftovers Ale,Holiday Leftovers Ale,7.6,125,,5,N,nLsoQ9,N,verified
541,blZIJW,Home Skillet,Home Skillet,5.6,41,,,N,q6vJUK,N,verified
542,afK7hW,Honey Blonde,Honey Blonde,5.2,36,,,N,DMU2Kf,N,verified
543,2VR5QQ,Hop And Sour,Hop And Sour,4.4,40,,,N,nHLlnK,N,verified
544,MUXP6K,Hop Bam,Hop Bam,5.8,,,,N,nHLlnK,N,verified
545,YSLzio,Hop Bullet IPA,Hop Bullet IPA,8,31,,,N,nHLlnK,N,verified
546,fqgLPD,Hop Dog Fresh Hop Pale,Hop Dog Fresh Hop Pale,5.6,26,,5,N,yX6twV,N,verified
547,JOxnlJ,Hop Dog Harvest Pale Ale,Hop Dog Harvest Pale Ale,6.2,25,,8,N,yX6twV,N,verified
548,kVKPX7,Hop Harmony,Hop Harmony,6.7,30,,5,N,nHLlnK,N,verified
549,7HHwqy,Hop Hash,Hop Hash,7.8,31,,5,N,TMc6H2,N,verified
550,AAdvVo,Hop House Lager,Hop House Lager,5,97,,,N,HaPdSL,N,verified
551,Xmetdp,Hop Hunter IPA,Hop Hunter IPA,6.2,26,,,N,nHLlnK,N,verified
552,kQiE9q,Hop Peak,Hop Peak,6.5,30,,,N,IImUD9,N,verified
553,4QXro7,Hop Secret 644,Hop Secret 644,7,,,,N,nHLlnK,N,verified
554,qXs21b,Hop Smack Double,Hop Smack Double,8.1,125,,,N,nHLlnK,N,verified
555,Pni8Jo,Hop Stoopid,Hop Stoopid,8,31,,5,N,nLsoQ9,N,verified
556,4NgQyT,Hop-Scotch,Hop-Scotch,6.2,150,,,N,VEY3Xa,N,verified
557,Rj8PxJ,Hopfenweisse,Hopfenweisse,5.7,112,,,N,VEY3Xa,N,verified
558,bn1wGG,Hopivore,Hopivore,5.84,26,,5,N,AqEUBQ,N,verified
559,3neLUw,Hoppy Amber Ale - Mountain Series,Hoppy Amber Ale - Mountain Series,6.4,32,,,N,IImUD9,N,verified
560,xcGtHr,Hoppy Anniversary IPA,Hoppy Anniversary IPA,5.9,30,,,Y,p1tFbP,N,verified
561,x8Bv0f,Hoppy Floppy,Hoppy Floppy,7.5,30,,,N,q6vJUK,N,verified
562,EO71ZO,Hoppy Saison,Hoppy Saison,5,72,,,Y,p1tFbP,N,verified
563,jbvl8b,Hoppy Saison Mancrush,Hoppy Saison Mancrush,,72,,,N,q6vJUK,N,verified
564,qpyuqH,Hoppy Seconds,Hoppy Seconds,8.4,27,,,N,q6vJUK,N,verified
565,XFwk42,Hoppy Wheat IPA,Hoppy Wheat IPA,6.2,30,,,N,nHLlnK,N,verified
566,sAQpBR,Hoptimum,Hoptimum (2018),9.6,31,2018,,N,nHLlnK,N,verified
567,KQDQgO,Hoptimum,Hoptimum,10.4,31,,5,N,nHLlnK,N,verified
568,nOFAoT,Hoptinite,Hoptinite,8,30,,,N,nHLlnK,N,verified
569,Z1g2ua,Hoptronix,Hoptronix,9,31,,,N,AqEUBQ,N,verified
570,ZRujA6,Hotbox Coffee IPA,Hotbox Coffee IPA,7.2,30,,,N,q6vJUK,N,verified
571,fOFhEa,Hotbox Coffee Porter,Hotbox Coffee Porter,6.5,18,,,N,q6vJUK,N,verified
572,bp7TkJ,HotSide Sour Mashed DayTime,HotSide Sour Mashed DayTime,4.65,170,,,N,nLsoQ9,N,verified
573,IAP9Ye,Huckleberry Cream Ale,Huckleberry Cream Ale,5.5,109,,5,N,yX6twV,N,verified
574,BceaoL,Hummer,Hummer,5.1,61,,,N,TMc6H2,N,verified
575,Da2apu,Hurricane,Hurricane,5.9,100,,,N,BznahA,N,verified
576,ptlOzL,Hurricane High Gravity,Hurricane High Gravity,8,100,,,N,BznahA,N,verified
577,Oobtwc,IceyPA,IceyPA,7,30,,,N,q6vJUK,N,verified
578,qQTYZ8,Ichabod Pumpkin Ale,Ichabod Pumpkin Ale,5.2,121,,5,N,AqEUBQ,N,verified
579,Wemgbs,Imperial Black IPA,Imperial Black IPA,7.3,41,,5,N,DifSi4,N,verified
580,CtqQJb,Imperial Hatter,Imperial Hatter,9.4,31,,5,N,AqEUBQ,N,verified
581,kSrchj,Imperial India Brown Ale,Imperial India Brown Ale,9.2,37,,,N,4F7QA9,N,verified
582,AVcFA8,Imperial Pecan Porter,Imperial Pecan Porter,9,158,,,N,yX6twV,N,verified
583,AdHXWs,Imperial Pils,Imperial Pils,8.6,98,,4,N,nLsoQ9,N,verified
584,dbN8in,Imperial Pilsner - Beer Camp #43,Imperial Pilsner - Beer Camp #43,5.6,98,,4,N,nHLlnK,N,verified
585,EpkUho,Imperial Plum IPA,Imperial Plum IPA,9,31,,,N,IImUD9,N,verified
586,uL3sSR,Imperial Pumpkin,Imperial Pumpkin,8,121,,5,N,DifSi4,N,verified
587,8zibUO,Imperial Red Ale,Imperial Red Ale,7.6,22,,5,N,DMU2Kf,N,verified
588,htbWwF,Imperial Red Ale,Imperial Red Ale,7.8,32,,5,N,nLsoQ9,N,verified
589,meCiGU,Imperial Red Ale - Beer Camp #65,Imperial Red Ale - Beer Camp #65,8.1,33,,,N,nHLlnK,N,verified
590,INJWpy,Imperial Stout,Imperial Stout,9.9,42,,5,N,nLsoQ9,N,verified
591,oC1Ux4,Imperial Stout (Fudge And Sickle),Imperial Stout (Fudge And Sickle),9.9,43,,,N,nLsoQ9,N,verified
592,xdvDOQ,Imperial White IPA - Brewery Lane Series,Imperial White IPA - Brewery Lane Series,9,31,,,N,IImUD9,N,verified
593,wXVeJD,Incorrigible,Incorrigible,4.5,40,,,N,AqEUBQ,N,verified
594,uzbisB,Incorrigible Reserve,Incorrigible Reserve,4.5,136,,,N,AqEUBQ,N,verified
595,qpfWYm,India Farmhouse Ale,India Farmhouse Ale,7.4,72,,,N,nHLlnK,N,verified
596,gVynTw,India Pale Ale,India Pale Ale,6.8,25,,,N,nHLlnK,N,verified
597,3WxXFm,India Pale Ale IPA,India Pale Ale IPA,6.4,30,,,N,yX6twV,N,verified
598,yEe3T6,Interstate SMASH Express - Calypso,Interstate SMASH Express - Calypso,7.1,30,,,N,q6vJUK,N,verified
599,mFO6aU,Into the Woods,Into the Woods,,37,,,N,AqEUBQ,N,verified
600,si7pxG,IPA,IPA,5.6,30,,,N,DifSi4,N,verified
601,DiM4QZ,IPA with Rosemary,IPA with Rosemary,,30,,,N,TMc6H2,N,verified
602,Yuzbjs,Irish Wheat,Irish Wheat,5.3,112,,,N,HaPdSL,N,verified
603,mrLL4r,Jack's Pumpkin Spice Ale,Jack's Pumpkin Spice Ale,5.5,124,,,N,BznahA,N,verified
604,EiBcm8,Jack-Ale-Lantern,Jack-Ale-Lantern,,121,,,N,p1tFbP,N,verified
605,V9x9qv,Jackalope Coffee Stout,Jackalope Coffee Stout,,42,,,Y,p1tFbP,N,verified
606,MFgb7Y,Javanilla Ten FIDY,Javanilla Ten FIDY,10.5,43,,,N,q6vJUK,N,verified
607,LIY58Q,Jazz Honkey Donkey-Weizen,Jazz Honkey Donkey-Weizen,,52,,,Y,p1tFbP,N,verified
608,jNqqVQ,Jenny Scream Ale,Jenny Scream Ale,5.3,109,,,N,q6vJUK,N,verified
609,J0OjIy,Johnny Appleseed,Johnny Appleseed,5.5,149,,,N,BznahA,N,verified
610,KcLuc7,Johnny Berliner,Johnny Berliner,4,46,,5,N,p3YrOa,N,verified
611,gm9FbA,Johnny Hash - Dank Tank,Johnny Hash - Dank Tank,8.5,31,,,N,TMc6H2,N,verified
612,ghPF7u,Juhlia,Juhlia,7.2,,,,N,VEY3Xa,N,verified
613,NaTBQp,Juicy Dust,Juicy Dust,6.2,30,,,N,q6vJUK,N,verified
614,FfmdpM,Juicy Wolf,Juicy Wolf,4.8,164,,,N,q6vJUK,N,verified
615,e4in1c,Kaliber,Kaliber,0.5,139,,5,N,HaPdSL,N,verified
616,xw3Nti,Karaoke Fail,Karaoke Fail,6.7,25,,,N,nHLlnK,N,verified
617,dNnIWw,Kate The Great Russian Imperial Stout,Kate The Great Russian Imperial Stout,9.5,43,,,N,4F7QA9,N,verified
618,Lo0Ybu,Keller,Keller,4.9,56,,,N,VEY3Xa,N,verified
619,JVv3qI,Kellerweis,Kellerweis,4.8,48,,5,N,nHLlnK,N,verified
620,P9Ly3t,Kilkenny Irish Cream Ale,Kilkenny Irish Cream Ale,4.3,109,,,N,HaPdSL,N,verified
621,OIKxkJ,Kill Ugly Radio,Kill Ugly Radio,7.8,30,,,N,nLsoQ9,N,verified
622,SDUD8m,King Cobra,King Cobra,6,100,,,N,BznahA,N,verified
623,XRsG9K,Kings Dish,Kings Dish,6.8,138,,,N,IImUD9,N,verified
624,FNByFy,Knightro,Knightro,4.6,23,,,N,nHLlnK,N,verified
625,vuZYco,Kolsch,Kolsch,5,45,,,N,nHLlnK,N,verified
626,wkaQ3k,Kolsch Style Ale - Mountain Series,Kolsch Style Ale - Mountain Series,,45,,,N,IImUD9,N,verified
627,7x2tzn,Kölsch TEST DUMMIES,Kölsch TEST DUMMIES,6.4,119,,,N,nHLlnK,N,verified
628,dWISHQ,Lagunator,Lagunator,7.9,93,,,N,nLsoQ9,N,verified
629,iLlMCb,Lagunitas IPA,Lagunitas IPA,6.2,30,,5,N,nLsoQ9,N,verified
630,DwGaaX,Lagunitas Undercover Investigation Shut-Down Ale,Lagunitas Undercover Investigation Shut-Down Ale,9.6,25,,5,N,nLsoQ9,N,verified
631,QuJNYq,Larry,Larry,7.5,31,,,N,DifSi4,N,verified
632,jZMQtq,Larry Imperial IPA,Larry Imperial IPA,8.5,30,,5,N,DifSi4,N,verified
633,lj8S4n,Larry Triple Douple,Larry Triple Douple,8.5,62,,,N,DifSi4,N,verified
634,QNucGY,Left Behind,Left Behind,,25,,,Y,p1tFbP,N,verified
635,41SRDq,Leghorn IPA Barrel Aged - Dickel,Leghorn IPA Barrel Aged - Dickel,,133,,,Y,p1tFbP,N,verified
636,Oklbuw,Leghorn Rye IPA,Leghorn Rye IPA,6,30,,,Y,p1tFbP,N,verified
637,3Csw32,Liberty Blonde,Liberty Blonde,4.9,36,,,Y,p1tFbP,N,verified
638,xoUVy2,Life and Limb,Life and Limb,10.2,,,6,N,nHLlnK,N,verified
639,vrGuPg,Liger Lager,Liger Lager,6.9,97,,,N,4F7QA9,N,verified
640,2NsDUk,Light IPA,Light IPA,4,30,,5,N,DifSi4,N,verified
641,36DmYw,Lime-a-Rita,Lime-a-Rita,8,161,,,N,BznahA,N,verified
642,a29mU4,Little Birdy,Little Birdy,6.9,30,,,N,VEY3Xa,N,verified
643,2mfXU8,Little Bohemia,Little Bohemia,5.3,138,,,N,AqEUBQ,N,verified
644,jshi8D,Little Sumpin’ Wild,Little Sumpin’ Wild,8.74,25,,5,N,nLsoQ9,N,verified
645,XDaNfi,Little Wolf,Little Wolf,4.7,25,,,N,VEY3Xa,N,verified
646,DqTrrP,Lolo IPA,Lolo IPA,6.4,30,,,Y,4F7QA9,N,verified
647,J183HL,London Calling,London Calling,3.2,10,,,N,VEY3Xa,N,verified
648,DmCMSF,London Calling English Porter Cask,London Calling English Porter Cask,5.3,158,,,N,AqEUBQ,N,verified
649,epip51,Long Steam IPA,Long Steam IPA,5.8,30,,5,N,nHLlnK,N,verified
650,zDUkcd,Lost Dune,Lost Dune,5.5,119,,,N,AqEUBQ,N,verified
651,r1uQvZ,Lovebird Wheat,Lovebird Wheat,4.4,48,,9,N,p1tFbP,N,verified
652,DNAmvo,LowRYEder IPA,LowRYEder IPA,6.2,117,,5,N,TMc6H2,N,verified
653,CWwxeR,Lucky 13,Lucky 13,8.3,32,,5,N,nLsoQ9,N,verified
654,eEWCFd,Lucky U IPA,Lucky U IPA,6.2,30,,5,N,IImUD9,N,verified
655,SItgWZ,Lupu Lava Tropical IPA,Lupu Lava Tropical IPA,6.8,30,,,N,q6vJUK,N,verified
656,R5Y92z,Ma Mère Spéciale,Ma Mère Spéciale,6,70,,,N,uM2jeT,N,verified
657,C94dnF,Mach 25 Intergalactic Planetary Ale,Mach 25 Intergalactic Planetary Ale,5,,,,N,nHLlnK,N,verified
658,c0okIY,Mad Catter,Mad Catter,7,31,,8,N,AqEUBQ,N,verified
659,baONtD,Mad Hatter IPA,Mad Hatter IPA,7,30,,5,N,AqEUBQ,N,verified
660,56hSxC,Madonna,Madonna,8,31,,,N,VEY3Xa,N,verified
661,CEVOre,Mai-nd-Bockling,Mai-nd-Bockling,6,89,,,N,nHLlnK,N,verified
662,n8itvA,Maillard's Odyssey,Maillard's Odyssey,8.5,33,,,N,nHLlnK,N,verified
663,whHlqc,Maillard's Odyssey - Beer Camp Across America,Maillard's Odyssey - Beer Camp Across America (2014),8.5,28,2014,5,N,nHLlnK,N,verified
664,xLOOss,Mama's Little Yella Pils,Mama's Little Yella Pils,5.3,75,,5,N,q6vJUK,N,verified
665,u0mJPG,Man Full of Trouble,Man Full of Trouble,5,18,,,N,p3YrOa,N,verified
666,E5i29p,Mandarina Bavaria,Mandarina Bavaria,4.9,92,,,N,VEY3Xa,N,verified
667,dS0wsG,Mango Mosaic Pale Ale,Mango Mosaic Pale Ale,5.5,25,,,N,IImUD9,N,verified
668,iNpc02,Maple Scotch-Style Ale,Maple Scotch-Style Ale,7.3,15,,,N,nHLlnK,N,verified
669,fIWpZI,Marilla Trail,Marilla Trail,10.1,132,,,N,AqEUBQ,N,verified
670,EWG6gq,Martzen,Martzen,,81,,,N,q6vJUK,N,verified
671,mjPDnq,Mash Appeal,Mash Appeal,4.3,93,,,N,q6vJUK,N,verified
672,fnqCGB,Maximus,Maximus,8.2,30,,5,N,nLsoQ9,N,verified
673,RVXI4q,McKercher's Keller Kolsch,McKercher's Keller Kolsch,5.2,45,,,N,q6vJUK,N,verified
674,tupCCv,Mean Joe Bean,Mean Joe Bean,8.5,18,,,N,TMc6H2,N,verified
675,2z4qK8,Michigan Awesome Hatter,Michigan Awesome Hatter,5.8,25,,5,N,AqEUBQ,N,verified
676,TMp47T,Michigan Hatter,Michigan Hatter,4.8,30,,5,N,AqEUBQ,N,verified
677,RiwjnU,Michigan Wet-Hopped Harvest Ale,Michigan Wet-Hopped Harvest Ale,,26,,,N,AqEUBQ,N,verified
678,1j4prL,Mid Winter India Pale Ale,Mid Winter India Pale Ale,,30,,,N,TMc6H2,N,verified
679,xrpjYO,Mighty Brown,Mighty Brown,7.5,37,,5,N,IImUD9,Y,verified
680,qxNOIk,Milk Stout,Milk Stout,5.8,20,,5,N,DifSi4,N,verified
681,JUjEnp,Miller Chill,Miller Chill,4.1,94,,,N,hGFVYy,N,verified
682,ISlZaz,Miller Fortune,Miller Fortune,6.9,97,,5,N,hGFVYy,N,verified
683,Y8Ar6h,Miller Genuine Draft,Miller Genuine Draft,4.66,94,,5,N,hGFVYy,N,verified
684,voS2xG,Miller High Life,Miller High Life,5,94,,5,N,hGFVYy,N,verified
685,KJIjyd,Miller Lite,Miller Lite,4.2,94,,4,N,hGFVYy,N,verified
686,yagN3u,Miller64,Miller64,2.8,94,,5,N,hGFVYy,N,verified
687,dsVALR,Mischievous,Mischievous,5.5,170,,,N,AqEUBQ,N,verified
688,ZYOCUN,Mixxtail Firewalker,Mixxtail Firewalker,8,161,,,N,BznahA,N,verified
689,Bs70do,Mixxtail Long Island Iced Tea,Mixxtail Long Island Iced Tea,8,161,,,N,BznahA,N,verified
690,GWVXY3,Mocha Porter,Mocha Porter,,123,,,Y,p1tFbP,N,verified
691,qQw3dE,Monkey King,Monkey King,5.6,72,,5,N,AqEUBQ,N,verified
692,JSTPos,Monkey King Saison Farmhouse Ale,Monkey King Saison Farmhouse Ale,6.6,72,,,N,AqEUBQ,N,verified
693,2FgZ04,Mountain Series: Salted Caramel Brown,Mountain Series: Salted Caramel Brown,6.5,37,,,N,IImUD9,N,verified
694,pPGV1H,Mountain Wheat,Mountain Wheat,,97,,,N,IImUD9,N,verified
695,YWt2Ld,Moving To the Country,Moving To the Country,5,25,,,N,TMc6H2,N,verified
696,vpoGSw,Moxee-Moron,Moxee-Moron,7.5,31,,,N,nHLlnK,N,verified
697,69Yqbc,Mozango,Mozango,7.7,30,,,N,nLsoQ9,N,verified
698,aWUHyv,Mozango (Fusion XXXI),Mozango (Fusion XXXI),9,31,,,N,nLsoQ9,N,verified
699,OPM4t8,Mt. Takhoma Blonde Ale,Mt. Takhoma Blonde Ale,3.8,61,,,N,DMU2Kf,N,verified
700,etD9Ry,Mungo Berry,Mungo Berry,4.8,40,,,N,VEY3Xa,N,verified
701,Esu28L,Murphy's Law Red Ale,Murphy's Law Red Ale,5,22,,,N,4F7QA9,N,verified
702,S9QxGf,Myron's Walk - Beer Camp Across America,Myron's Walk - Beer Camp Across America (2014),5.3,62,2014,5,N,nHLlnK,N,verified
703,9XJBp9,Narconaut,Narconaut,6.6,30,,,N,VEY3Xa,N,verified
704,Rg6aeS,Narwhal,Narwhal,10.2,43,,6,N,nHLlnK,N,verified
705,9Qr0BU,Narwhal Tawny Port Barrel Aged,Narwhal Tawny Port Barrel Aged,11.4,43,,,N,nHLlnK,N,verified
706,Xzoo8o,Natty Daddy,Natty Daddy,8,94,,5,N,BznahA,N,verified
707,lFrwWQ,Natural Ice,Natural Ice,5.9,94,,5,N,BznahA,N,verified
708,NZakfr,Natural Light,Natural Light,4.2,94,,,N,BznahA,N,verified
709,TPdvZt,Neomixicanus,Neomixicanus,6.5,30,,,N,nHLlnK,N,verified
710,eI5fN2,New Dogtown Pale Ale,New Dogtown Pale Ale,6.2,25,,5,N,nLsoQ9,N,verified
711,AXkM1P,New England IPA,New England IPA,7.5,172,,,N,TMc6H2,N,verified
712,tGCD2j,New Holland Brewing 20th Anniversary Ale,New Holland Brewing 20th Anniversary Ale,20,14,,,N,AqEUBQ,N,verified
713,Bl8SsD,New Holland Dragon's Milk (Bourbon Barrel Stout),New Holland Dragon's Milk (Bourbon Barrel Stout),,44,,,N,AqEUBQ,N,verified
714,3PXm6h,Nib Sip Chub,Nib Sip Chub,7,18,,,N,q6vJUK,N,verified
715,OXcz6Z,Nice Things IPA,Nice Things IPA,6.4,30,,,N,p3YrOa,N,verified
716,sicuOa,Night Time,Night Time,7.9,41,,5,N,nLsoQ9,N,verified
717,qVUNwf,Night Tripper,Night Tripper,10.8,43,,5,N,AqEUBQ,N,verified
718,pDZET2,Night Tripper (2011),Night Tripper (2011),10.8,43,,5,N,AqEUBQ,N,verified
719,LOVCKl,Night Tripper Barrel Aged,Night Tripper Barrel Aged,10.8,43,,,N,AqEUBQ,N,verified
720,B0vbr1,Night Wish,Night Wish,10.5,43,,,N,AqEUBQ,N,verified
721,YrOqvr,Nitro Irish Stout,Nitro Irish Stout,4.8,23,,,N,IImUD9,N,verified
722,ZliVSZ,Nitro Lucky U IPA,Nitro Lucky U IPA,5.7,30,,,N,IImUD9,N,verified
723,EkVPnE,Nitro Orange Cream Ale,Nitro Orange Cream Ale,5.5,109,,,N,IImUD9,N,verified
724,l4L4RO,Nitro Series: Chocolate Orange Stout,Nitro Series: Chocolate Orange Stout,6,20,,,N,IImUD9,N,verified
725,Cwuozg,Nitro Vanilla Porter (NVP),Nitro Vanilla Porter (NVP),4.7,18,,,N,IImUD9,N,verified
726,TOBHd9,No Middle Ground,No Middle Ground,6.9,30,,,N,nHLlnK,N,verified
727,NJL9oB,Noble Helles (Batch No. 32218),Noble Helles (Batch No. 32218),5,78,,5,N,BznahA,N,verified
728,kzcLek,Noble Hopped Lager (Batch No. 32218),Noble Hopped Lager (Batch No. 32218),5,93,,5,N,BznahA,N,verified
729,QD9dX7,Nooice,Nooice,6.2,72,,,N,q6vJUK,N,verified
730,he3yMK,Nooner Pilsner,Nooner Pilsner,5.2,98,,,N,nHLlnK,N,verified
731,OhhDEr,Nooner Session IPA,Nooner Session IPA,4.8,30,,5,N,nHLlnK,N,verified
732,zdjQs9,Northdown,Northdown,4.1,1,,,N,VEY3Xa,N,verified
733,WCKkkd,Now You Know,Now You Know,6.1,30,,,N,IImUD9,N,verified
734,00CxqR,Nut Brown Ale,Nut Brown Ale,5.2,37,,5,N,DifSi4,N,verified
735,2EkHBG,NXS,NXS,6.5,30,,,N,nHLlnK,N,verified
736,BEFupD,NxS IPA,NxS IPA,9,31,,,N,nHLlnK,N,verified
737,n6p2aw,O'Doul's,O'Doul's,0.5,139,,,N,BznahA,N,verified
738,4QiGHK,O'Doul's Amber,O'Doul's Amber,0.5,101,,,N,BznahA,N,verified
739,N9aJxO,Oak Aged Mad Hatter India Pale Ale,Oak Aged Mad Hatter India Pale Ale,7.22,31,,5,N,AqEUBQ,N,verified
740,Jio9R0,Oatmeal Stout,Oatmeal Stout,5,21,,5,N,IImUD9,N,verified
741,1HeKZM,Oatmeal Stout - Beer Camp #45,Oatmeal Stout - Beer Camp #45,9,21,,,N,nHLlnK,N,verified
742,qACg0q,Oatmeal Stout ,Oatmeal Stout ,5.5,21,,,Y,4F7QA9,N,verified
743,s5V8YM,Obliterator,Obliterator,10.5,90,,,N,q6vJUK,N,verified
744,cJvlzs,Octoberfest,Octoberfest,5.2,81,,3,N,DifSi4,N,verified
745,oBponF,Oculto,Oculto,6,93,,,N,BznahA,N,verified
746,798rjW,Oh Saisonna,Oh Saisonna,8.3,72,,,N,nHLlnK,N,verified
747,ADXvig,Oktober-Fiesta,Oktober-Fiesta,5.5,101,,5,N,941OaA,N,verified
748,Pwu2fR,Oktoberfest,Oktoberfest (2015),6,102,2015,,N,nHLlnK,Y,verified
749,Q5y7v5,Oktoberfest,Oktoberfest (2018),6,102,2018,,N,nHLlnK,N,verified
750,42fXwv,Oktoberfest,Oktoberfest,5.3,102,,,N,AqEUBQ,N,verified
751,EcAeVx,Oktoberfest,Oktoberfest (2016),6,82,2016,,N,nHLlnK,Y,verified
752,sfHgoE,Oktoberfest,Oktoberfest (2014),6.2,102,2014,,N,nHLlnK,Y,verified
753,KGaPva,Oktoberfest,Oktoberfest (2017),6.1,82,2017,,N,nHLlnK,Y,verified
754,twBPib,Oktoberfest,Oktoberfest,,82,,,N,IImUD9,N,verified
755,YUVOGh,Oktoberfest Marzen Lager,Oktoberfest Marzen Lager,5.4,102,,,N,VEY3Xa,N,verified
756,lr1zya,Old Ale,Old Ale,6.9,13,,,N,VEY3Xa,N,verified
757,jChDlj,Old Chico Crystal Wheat,Old Chico Crystal Wheat,4.8,25,,5,N,nHLlnK,N,verified
758,Uz0Uxf,Old Chico ESB,Old Chico ESB,,5,,,N,nHLlnK,N,verified
759,kGli9E,Old CHico Pale Bock,Old CHico Pale Bock,,88,,,N,nHLlnK,N,verified
760,KmsdoV,Old Chub,Old Chub,8,15,,5,N,q6vJUK,N,verified
761,9bNjNs,Old Chub Nitro,Old Chub Nitro,8,15,,,N,q6vJUK,N,verified
762,lFMs56,Old Double Bagger Barleywine,Old Double Bagger Barleywine,13.2,34,,,N,q6vJUK,N,verified
763,3L21AU,One Hit Wonder Imperial IPA,One Hit Wonder Imperial IPA,,31,,,N,q6vJUK,N,verified
764,ZQKG7N,One Nut,One Nut,6.1,37,,5,N,q6vJUK,N,verified
765,r4I50V,Ophelia,Ophelia,6.6,113,,,N,IImUD9,N,verified
766,qQPhVI,Oskar Blues IPA,Oskar Blues IPA,6.43,30,,5,N,q6vJUK,N,verified
767,qX8i3E,Oskar the G’Rauch,Oskar the G’Rauch,8.5,125,,,N,q6vJUK,N,verified
768,cCXIXP,Osktoberfest,Osktoberfest,,82,,,N,q6vJUK,N,verified
769,UZD25d,Otra Vez,Otra Vez,4.5,165,,,N,nHLlnK,N,verified
770,cByN2F,Otra Vez Gose With Lime & Agave,Otra Vez Gose With Lime & Agave,4.9,165,,,N,nHLlnK,N,verified
771,dM2XzJ,Ovila Abbey Aged Dubbel,Ovila Abbey Aged Dubbel,8.5,58,,,N,nHLlnK,N,verified
772,uXdZle,Ovila Abbey Brown Ale (With Mandarins and Cocoa),Ovila Abbey Brown Ale (With Mandarins and Cocoa),7,37,,,N,nHLlnK,N,verified
773,Dwhny1,Ovila Abbey Quad with Plums,Ovila Abbey Quad with Plums,10.2,60,,6,N,nHLlnK,Y,verified
774,7i1hXo,Ovila Abbey Saison,Ovila Abbey Saison,7.5,72,,6,N,nHLlnK,N,verified
775,ONdtij,Ovila Abbey Saison (w/ Mandarin Oranges and Peppercorns),Ovila Abbey Saison (w/ Mandarin Oranges and Peppercorns),7.5,72,,,N,nHLlnK,N,verified
776,Lx7DEm,Ovila Abbey Trippel,Ovila Abbey Trippel,8.8,59,,,N,nHLlnK,N,verified
777,HO9ROw,Ovila Abbey White,Ovila Abbey White,5.3,65,,,N,nHLlnK,N,verified
778,qGQc7S,Ovila Belgian Golden Ale,Ovila Belgian Golden Ale,8.5,63,,8,N,nHLlnK,N,verified
779,3zb9Gq,Ovila Dubbel,Ovila Dubbel,7.5,58,,8,N,nHLlnK,N,verified
780,cB7Dxt,Ovila Dubbel Barrel-Aged,Ovila Dubbel Barrel-Aged,10.8,132,,,N,nHLlnK,N,verified
781,4KIe0t,Ovila Golden With Pomegranates,Ovila Golden With Pomegranates,8.5,36,,,N,nHLlnK,N,verified
782,AlRuKw,Ovila Quad,Ovila Quad,10.5,59,,5,N,nHLlnK,N,verified
783,T7K4um,Ovila Quad Brandy Barrel-Aged,Ovila Quad Brandy Barrel-Aged,10.1,60,,,N,nHLlnK,N,verified
784,UuyWmA,Ovila Wood-Aged Saison,Ovila Wood-Aged Saison,7.8,72,,5,N,nHLlnK,N,verified
785,8Ug3hm,Oxford Education,Oxford Education,7.3,12,,,N,q6vJUK,N,verified
786,pYkVxn,Pacific Daylight,Pacific Daylight,3.9,108,,5,N,941OaA,N,verified
787,fQSwqJ,Pacific Ridge Pale Ale,Pacific Ridge Pale Ale,,25,,,N,BznahA,N,verified
788,rbRRxm,Palé,Palé,7.1,25,,,N,AqEUBQ,N,verified
789,cdkpyx,Pale Ale,Pale Ale,5.6,25,,5,N,nHLlnK,N,verified
790,CZn6nT,Pale Ale,Pale Ale,5.6,25,,,N,yX6twV,N,verified
791,bnURKM,Paleooza,Paleooza,4.4,25,,5,N,AqEUBQ,N,verified
792,Tqu2Of,Pandora's Bock,Pandora's Bock,7.5,88,,5,N,IImUD9,Y,verified
793,gpCMad,Passion Blaster,Passion Blaster,6,119,,,N,AqEUBQ,N,verified
794,yjsHPX,Passion Fruit Milkshake Ipa,Passion Fruit Milkshake Ipa,6.2,172,,,N,nHLlnK,N,verified
795,Ln4Gn6,Passion Fruit Pinner,Passion Fruit Pinner,4.9,164,,,N,q6vJUK,N,verified
796,QkHinm,Passion Grass,Passion Grass,5,25,,,N,nLsoQ9,N,verified
797,Y9X4cN,Pat-Rye-Ot,Pat-Rye-Ot,5.6,25,,,N,nHLlnK,N,verified
798,AJwGIV,Peach IPA,Peach IPA,5.8,30,,,N,nHLlnK,N,verified
799,dRGLDH,Peach-a-Rita,Peach-a-Rita,8,161,,,N,BznahA,N,verified
800,KnIZVN,Peach/Blueberry Hefeweizen,Peach/Blueberry Hefeweizen,,119,,,Y,p1tFbP,N,verified
801,eCmjOc,Pear Champagne,Pear Champagne,5.3,36,,,Y,p1tFbP,N,verified
802,UmJ5Wm,Pecan Porter,Pecan Porter,8,18,,,N,yX6twV,N,verified
803,QdCdco,Pele (Brazilian Pale Ale),Pele (Brazilian Pale Ale),7.1,73,,,N,AqEUBQ,N,verified
804,7zuKpR,Philly Tripel Plan B,Philly Tripel Plan B,8,62,,,N,p3YrOa,N,verified
805,XHB8Tj,Pilgrim's Dole,Pilgrim's Dole,12,35,,8,N,AqEUBQ,N,verified
806,1yMrDb,Pils,Pils,6.2,75,,5,N,nLsoQ9,N,verified
807,aPMdQj,Pimp My Ride,Pimp My Ride,7.8,31,,,N,p3YrOa,N,verified
808,NAfiYn,Pine-Apple-Rita,Pine-Apple-Rita,8,161,,,N,BznahA,N,verified
809,0j4t2Z,Pinnacle Peak Pale Ale,Pinnacle Peak Pale Ale,4.2,25,,,N,DMU2Kf,N,verified
810,52gmSJ,Pinner Throwback IPA,Pinner Throwback IPA,4.9,164,,,N,q6vJUK,N,verified
811,6Q7pkn,Pitch-A-Tent,Pitch-A-Tent,9,,,5,N,nHLlnK,N,verified
812,7aZN1V,Plum Gose,Plum Gose,4.5,47,,,N,IImUD9,N,verified
813,L6Lk8r,Plum Jasmine Gose,Plum Jasmine Gose,9.6,40,,,N,nLsoQ9,N,verified
814,AY6Jg8,Point Defiance IPA,Point Defiance IPA,6.1,30,,,N,DMU2Kf,N,verified
815,hbf2am,Pomona Queen,Pomona Queen,4.8,101,,5,N,941OaA,N,verified
816,T9hizi,Pond Scum,Pond Scum,,3,,,N,q6vJUK,N,verified
817,cglNbC,Port Barrel Aged Biere De Garde,Port Barrel Aged Biere De Garde,10.2,71,,,N,nHLlnK,N,verified
818,0K21pW,Porter,Porter,5.6,18,,5,N,nHLlnK,N,verified
819,aBYXhp,Porter Porter,Porter Porter,7.5,19,,5,N,IImUD9,Y,verified
820,bFMDB3,Portsmouth Barleywine,Portsmouth Barleywine,11,34,,8,N,4F7QA9,N,verified
821,bZ8hmu,Potato Schwarzbier,Potato Schwarzbier,4.9,84,,,Y,p1tFbP,N,verified
822,UBcopK,Premium 219 Pilsner,Premium 219 Pilsner,4.7,98,,4,N,yX6twV,N,verified
823,RDSydO,Prince Myshkin,Prince Myshkin,9,43,,,N,p3YrOa,N,verified
824,AWdfjO,Priscilla,Priscilla,5.2,65,,,N,q6vJUK,N,verified
825,y5dpHI,Prisoner of Hell,Prisoner of Hell,8,61,,,N,p3YrOa,N,verified
826,NQwb75,Puck American Pale Ale,Puck American Pale Ale,5.2,25,,,Y,p1tFbP,N,verified
827,LDo4fA,Puff The Magic Cyser,Puff The Magic Cyser,8.5,143,,,N,AqEUBQ,N,verified
828,FMWVLR,Puget Brown Porter,Puget Brown Porter,5.6,18,,,N,DMU2Kf,N,verified
829,EbwOyu,Pulled Porter,Pulled Porter,7.7,38,,,N,TMc6H2,N,verified
830,UimBmb,Pumpkin Chub,Pumpkin Chub,8,121,,,N,q6vJUK,N,verified
831,EyM4tM,Pumpkin Spice Latte : Nitro Series,Pumpkin Spice Latte : Nitro Series,5.5,42,,,N,IImUD9,N,verified
832,otVuwu,Purebred A.P.A. Citra,Purebred A.P.A. Citra,6.2,29,,5,N,yX6twV,N,verified
833,I1L4J0,Quinn's Amber Ale,Quinn's Amber Ale,4.8,32,,5,N,DifSi4,N,verified
834,OAko81,R. Prime,R. Prime,6.2,30,,,N,VEY3Xa,N,verified
835,otkATx,Rain Check,Rain Check,,44,,,N,nHLlnK,N,verified
836,s1eqWg,Rainy Day Blues,Rainy Day Blues,6,104,,,Y,p1tFbP,N,verified
837,WUHF66,Rascal's Wild Red,Rascal's Wild Red,8,119,,,N,BznahA,N,verified
838,NCsyAW,Raz-Ber-Rita,Raz-Ber-Rita,8,161,,,N,BznahA,N,verified
839,bM2eLl,Red Between the Lines,Red Between the Lines,6.2,32,,5,N,941OaA,N,verified
840,p0Qbef,Red Ryeot,Red Ryeot,6.5,117,,,N,nHLlnK,N,verified
841,txhujB,Red Tulip,Red Tulip,,,,,N,AqEUBQ,N,verified
842,GIO3Xe,Red-oric - Beer Camp #65 (Best Of Beer Camp: Imperial Red Ale),Red-oric - Beer Camp #65 (Best Of Beer Camp: Imperial Red Ale),8,32,,,N,nHLlnK,N,verified
843,7aeVlx,Redbridge,Redbridge,4,127,,5,N,BznahA,N,verified
844,UPDwhn,Reeb Rye'd PA,Reeb Rye'd PA,7,117,,,N,q6vJUK,N,verified
845,zAC6PV,Regal Pilsner,Regal Pilsner,7,98,,4,N,IImUD9,N,verified
846,Lt3xMf,Renee IPA,Renee IPA,,30,,5,N,AqEUBQ,N,verified
847,YVWopx,Return of the Red Eye IPA,Return of the Red Eye IPA,6.5,30,,,N,nHLlnK,N,verified
848,xZCUbm,Revered Red,Revered Red,5.4,32,,5,N,DifSi4,N,verified
849,bztkAM,Rhizing Bines,Rhizing Bines,8,31,,,N,nHLlnK,Y,verified
850,O9XhOw,RIPA,RIPA,5.9,22,,,N,AqEUBQ,N,verified
851,0UTcHS,Ripley Tripel,Ripley Tripel,9.6,59,,,N,VEY3Xa,N,verified
852,XlDXNh,River Ryed Rye IPA,River Ryed Rye IPA,6,117,,,N,nHLlnK,N,verified
853,6iwkrE,Robert Beedus Jr,Robert Beedus Jr,,23,,,N,q6vJUK,N,verified
854,WBe09U,Rock Candy Hoppy Red,Rock Candy Hoppy Red,7.5,33,,,N,q6vJUK,N,verified
855,yBrlNu,Rocket Dog Rye I.P.A,Rocket Dog Rye I.P.A,6.9,30,,5,N,yX6twV,N,verified
856,tuzag8,Rockin Blues IPA,Rockin Blues IPA,,30,,,N,q6vJUK,N,verified
857,zkfPGW,Rompo Red Rye (Bourbon Barrel Aged),Rompo Red Rye (Bourbon Barrel Aged),5.2,132,,,Y,p1tFbP,N,verified
858,M77aJE,Rompo Red Rye (Corsair Quinoa Whiskey Barrel Aged),Rompo Red Rye (Corsair Quinoa Whiskey Barrel Aged),,132,,,Y,p1tFbP,N,verified
859,akZCc6,Rompo Red Rye (Dickel),Rompo Red Rye (Dickel),5.2,132,,,Y,p1tFbP,N,verified
860,TLdF50,Rompo Red Rye Ale,Rompo Red Rye Ale,5.6,117,,,N,p1tFbP,N,verified
861,WFjpOp,Royal Impy Stout,Royal Impy Stout,,43,,,N,4F7QA9,N,verified
862,7faCP2,Rum Barrel-Aged Ten Fidy,Rum Barrel-Aged Ten Fidy,14.7,43,,,N,q6vJUK,N,verified
863,EzaTJ3,Runway IPA,Runway IPA,6.2,73,,5,N,941OaA,N,verified
864,SjPBgM,Russ' Revival,Russ' Revival,5.3,93,,,N,AqEUBQ,N,verified
865,HaN457,Rustiek-Barrel Aged Belgian Amber Ale,Rustiek-Barrel Aged Belgian Amber Ale,9.4,32,,,N,AqEUBQ,N,verified
866,qOKA1F,Ruthless Rye IPA,Ruthless Rye IPA,6.6,30,,,N,nHLlnK,N,verified
867,f16hLl,Ruthlessly Delicious,Ruthlessly Delicious,6.2,30,,,N,nLsoQ9,N,verified
868,lMlLXZ,Ryde Beer,Ryde Beer,5,117,,,N,DifSi4,N,verified
869,5fM3ER,Rye Barrel Aged Cubcrawler,Rye Barrel Aged Cubcrawler,,11,,,N,p1tFbP,N,verified
870,7bnlRC,Rye Cocoa Porter - ScareCity #2,Rye Cocoa Porter - ScareCity #2,10.2,158,,,N,nLsoQ9,N,verified
871,zTJ86p,Rye Hatter,Rye Hatter,6.12,112,,5,N,AqEUBQ,N,verified
872,Y6VFJW,Rye IPA,Rye IPA,6.8,30,,,N,p3YrOa,N,verified
873,HyTdTM,Rye Times,Rye Times,,117,,,N,q6vJUK,N,verified
874,VdK5qM,Rye Way 117,Rye Way 117,7.4,126,,,N,nHLlnK,N,verified
875,lDDTXD,Ryeday the 13th,Ryeday the 13th,5.5,117,,,N,nHLlnK,N,verified
876,WbvFmE,S Bus Imperial Brown,S Bus Imperial Brown,,37,,,N,q6vJUK,N,verified
877,a5LtHp,Sacramento Beer Week Beer,Sacramento Beer Week Beer,9,125,,5,N,nLsoQ9,N,verified
878,mcvkTZ,Safari Amber,Safari Amber,5,32,,,N,BznahA,N,verified
879,4neIJi,Saison Dans La Maison ,Saison Dans La Maison ,5.6,72,,,Y,4F7QA9,N,verified
880,yh28GV,Sakitumi,Sakitumi,9,125,,,N,nLsoQ9,N,verified
881,htJQLM,Salted Grapefruit Farmhouse Ale,Salted Grapefruit Farmhouse Ale,5.2,72,,,N,IImUD9,N,verified
882,CLsadV,Sans Souci,Sans Souci,5.9,72,,,N,VEY3Xa,N,verified
883,mjwrcO,Satellite Stout,Satellite Stout,5.5,42,,,N,p3YrOa,N,verified
884,37s6fV,Say Sean Huell Melon Dry Hopped Saison,Say Sean Huell Melon Dry Hopped Saison,4,72,,,N,q6vJUK,N,verified
885,Api83U,Scare City 1,Scare City 1,7.5,98,,,N,nLsoQ9,N,verified
886,WFT0UY,Scare City 4 Imperial Wheat Wine,Scare City 4 Imperial Wheat Wine,9.7,35,,6,N,nLsoQ9,N,verified
887,IzBcZt,Scotch-Style Ale,Scotch-Style Ale,7.3,15,,,N,nHLlnK,N,verified
888,Z4LnaP,Second Helping IPA,Second Helping IPA,7.4,30,,,N,TMc6H2,N,verified
889,gvFuE2,Select 55,Select 55,4,94,,5,N,BznahA,N,verified
890,VgbSMs,Selkie,Selkie,4.9,22,,,N,4F7QA9,N,verified
891,8vbUYR,Session Rye,Session Rye,4.5,117,,,N,nHLlnK,N,verified
892,uAYQwf,Shadow's Wild Black,Shadow's Wild Black,8,119,,,N,BznahA,N,verified
893,gVuwQ6,Shameless McDale,Shameless McDale,4.8,22,,5,N,941OaA,N,verified
894,1qx64W,Shamrock'n Rye Ale,Shamrock'n Rye Ale,6.6,117,,,N,nHLlnK,N,verified
895,N87g0e,Shipwrecker Circus,Shipwrecker Circus,10.5,17,,,N,q6vJUK,N,verified
896,FtZRre,Sidcar Orange IPA,Sidcar Orange IPA,6.8,30,,,N,nHLlnK,N,verified
897,lPcmND,SideCar,SideCar,5.6,32,,5,N,nHLlnK,N,verified
898,LB8JzL,Sidecar Orange Pale Ale,Sidecar Orange Pale Ale,5.6,25,,,N,nHLlnK,N,verified
899,z71HIM,Sierra Nevada Torpedo Cask,Sierra Nevada Torpedo Cask,7.2,30,,,N,nHLlnK,N,verified
900,GCDyUs,Silent Night,Silent Night,11,64,,8,N,AqEUBQ,Y,verified
901,ULNeg7,Simcoe Pale Ale,Simcoe Pale Ale,5.2,25,,,Y,p1tFbP,N,verified
902,lsUdvK,Simmer Down Brown,Simmer Down Brown,7,37,,,N,nHLlnK,N,verified
903,f1MEZQ,Single Barrel Rompo,Single Barrel Rompo,,132,,,Y,p1tFbP,N,verified
904,P8KXUd,Single Hop Amarillo IPA,Single Hop Amarillo IPA,6.7,30,,,N,nHLlnK,N,verified
905,dqKU6w,Single Hop Cascade IPA,Single Hop Cascade IPA,6.3,30,,,N,nHLlnK,N,verified
906,dlm9nV,Single Hop Citra IPL,Single Hop Citra IPL,5.5,93,,,N,nHLlnK,N,verified
907,G5Uxww,Single Hop El Dorado Session IPA,Single Hop El Dorado Session IPA,4.6,164,,,N,nHLlnK,N,verified
908,1S3Le4,Single Hop Mosaic Double IPA,Single Hop Mosaic Double IPA,6.6,31,,,N,nHLlnK,N,verified
909,Mvh5U2,Single Hop Series: Liberty,Single Hop Series: Liberty,5,30,,,Y,p1tFbP,N,verified
910,OH98hq,Sinner's Son,Sinner's Son,12.4,43,,,N,TMc6H2,N,verified
911,8ftXVJ,Six Grain Harvest Lager (Batch No. 63118),Six Grain Harvest Lager (Batch No. 63118),5.5,93,,5,N,BznahA,N,verified
912,e0bg5f,Six Rights IPA -  Beer Camp,Six Rights IPA -  Beer Camp,8,30,,,N,nHLlnK,N,verified
913,CI8j2t,Sleight of Hand,Sleight of Hand,8.3,,,,N,nHLlnK,N,verified
914,1EDyEY,Smaug's Breath,Smaug's Breath,11,16,,,N,AqEUBQ,N,verified
915,FlmKOv,Smidy,Smidy,5.2,20,,,N,q6vJUK,N,verified
916,9BJRbZ,Smithwick's Premium Red Ale,Smithwick's Premium Red Ale,4.5,22,,,N,HaPdSL,N,verified
917,K6s9S1,Smoke on The Water,Smoke on The Water,7,129,,,N,q6vJUK,N,verified
918,xh62VZ,Sneaky Pete,Sneaky Pete,10,31,,6,N,yX6twV,N,verified
919,FxxNhs,Snow Cone IPA,Snow Cone IPA,7,30,,5,N,nHLlnK,N,verified
920,P2rD30,Snow Glare,Snow Glare,6,25,,,N,IImUD9,N,verified
921,LPjakS,Snow Wit,Snow Wit,5.7,30,,,N,nHLlnK,N,verified
922,Ieu3Wi,Snowday Porter,Snowday Porter,,18,,,Y,p1tFbP,N,verified
923,14UQ4N,Snowman Stout,Snowman Stout,5.2,42,,,Y,p1tFbP,N,verified
924,Bzl1Jw,Solar Coaster,Solar Coaster,6.1,125,,,N,AqEUBQ,N,verified
925,fX6odn,Solar Storm - Beer Camp #71,Solar Storm - Beer Camp #71,5.8,30,,,N,nHLlnK,N,verified
926,NZ5gEX,Sour Cherry Ten FIDY,Sour Cherry Ten FIDY,10,136,,,N,q6vJUK,N,verified
927,2ZwqMd,Sour Inc: Apple Rhubarb,Sour Inc: Apple Rhubarb,4.5,47,,,N,AqEUBQ,N,verified
928,zcGmvP,Sour Inc: Honey Ginger,Sour Inc: Honey Ginger,4.5,40,,,N,AqEUBQ,N,verified
929,nbVcip,Sour Inc: Sour Stout With Cherries,Sour Inc: Sour Stout With Cherries,6.7,44,,,N,AqEUBQ,N,verified
930,Tw2gsB,Sour Pineapple,Sour Pineapple,6.1,40,,,N,nLsoQ9,N,verified
931,1SYQ5O,Southern Gothic Session Pils,Southern Gothic Session Pils,5.6,75,,,N,nHLlnK,N,verified
932,xXJuyA,Southern Hemisphere Harvest,Southern Hemisphere Harvest,6.7,25,,1,N,nHLlnK,N,verified
933,Uwcqsj,Southern Hemisphere Hopped ESB,Southern Hemisphere Hopped ESB,6,5,,,N,q6vJUK,N,verified
934,7SC2N0,Southern Hemisphere Session IPA,Southern Hemisphere Session IPA,4.6,164,,,N,nHLlnK,N,verified
935,KfC3l9,Spanglish Fly,Spanglish Fly,8,71,,,N,p3YrOa,N,verified
936,8TQNbT,Spinner,Spinner,5.6,30,,,N,q6vJUK,N,verified
937,zJigjF,Spinnerbait,Spinnerbait,6,57,,,N,TMc6H2,N,verified
938,i1jKN5,Spring Heat Spiced Wheat,Spring Heat Spiced Wheat,5.2,65,,5,N,BznahA,Y,verified
939,dODEDo,Spruce Beersteen,Spruce Beersteen,6,41,,,Y,p1tFbP,N,verified
940,sYYgGI,Squeeze Box,Squeeze Box,6.1,30,,,N,TMc6H2,N,verified
941,0c3ltk,St. Benny's Labby Style Ale,St. Benny's Labby Style Ale,,63,,,N,yX6twV,N,verified
942,onllb0,Station 3,Station 3,5.7,48,,,N,q6vJUK,N,verified
943,oqsjeJ,Steady As She Gose,Steady As She Gose,5.7,47,,,N,nHLlnK,N,verified
944,h7N6T9,Stephan Urquell ,Stephan Urquell ,4,106,,,Y,4F7QA9,N,verified
945,xg7BJX,Sticky Icky,Sticky Icky,6.5,30,,,N,q6vJUK,N,verified
946,D4I0lX,Stone Cold Peach,Stone Cold Peach,5.6,72,,,Y,p1tFbP,N,verified
947,eBelPz,Stone Mill Organic Pale Ale,Stone Mill Organic Pale Ale,5.5,25,,,N,BznahA,N,verified
948,qvtSfO,Stoopid Wit,Stoopid Wit,6,65,,,N,nLsoQ9,N,verified
949,rHCSHp,Stout,Stout,5.8,42,,5,N,nHLlnK,N,verified
950,fDUiV9,Strawberry Moon,Strawberry Moon,4.3,40,,,N,VEY3Xa,N,verified
951,ZyZ1g3,Strawberry White Pale Ale,Strawberry White Pale Ale,5.1,30,,,N,nLsoQ9,N,verified
952,L2Nd1C,Stryker Stout,Stryker Stout,,42,,5,N,DMU2Kf,N,verified
953,babLje,Sucks,Sucks,8,31,,3,N,nLsoQ9,N,verified
954,LfwcEu,Sugarshack Saison,Sugarshack Saison,5.1,72,,,N,4F7QA9,N,verified
955,h9JXAb,Summer Ale,Summer Ale,4.7,113,,9,N,DifSi4,N,verified
956,vKqrQm,Summer Gruit Ale,Summer Gruit Ale,5.1,,,,N,VEY3Xa,N,verified
957,iId6Sg,Summer in Berlin,Summer in Berlin,5,40,,5,N,p3YrOa,N,verified
958,p6ZP0p,Summer Pils,Summer Pils,5,98,,,N,IImUD9,N,verified
959,MmaQrA,Summer Rye,Summer Rye,,115,,,N,4F7QA9,N,verified
960,AQE3Sx,Summer Session,Summer Session,5,112,,,N,p3YrOa,N,verified
961,3Zc0Ez,SummerBright Ale,SummerBright Ale,4.5,36,,5,N,IImUD9,N,verified
962,5ue4ah,Summerfest,Summerfest,5,93,,5,N,nHLlnK,N,verified
963,2yXCVa,Sumpin' Easy Ale,Sumpin' Easy Ale,5.7,25,,,N,nLsoQ9,N,verified
964,PB49EI,Sun Dog Amber Wheat,Sun Dog Amber Wheat,5.3,112,,,N,BznahA,N,verified
965,2Bxz64,Sundog,Sundog,4.5,32,,5,N,AqEUBQ,N,verified
966,G8qBXI,Super Cluster,Super Cluster,8,31,,,N,nLsoQ9,N,verified
967,ATFslo,Sweet Sunny South,Sweet Sunny South,4.9,69,,,N,nHLlnK,N,verified
968,l5VbnF,Sweetwater Dank Tank Big Ol' Belgian Blue Balls,Sweetwater Dank Tank Big Ol' Belgian Blue Balls,9,167,,,N,TMc6H2,N,verified
969,8lmndo,Sweetwater Donkey Punch!,Sweetwater Donkey Punch!,10.2,34,,,N,TMc6H2,N,verified
970,6owRQn,SweetWater Exodus Porter,SweetWater Exodus Porter,,18,,5,N,TMc6H2,N,verified
971,ctjbwM,SweetWater Festive Ale,SweetWater Festive Ale,8.5,124,,5,N,TMc6H2,N,verified
972,uzOl1k,SweetWater IPA,SweetWater IPA,6.3,30,,5,N,TMc6H2,N,verified
973,FDSQ5n,SweetWater Mean Joe Bean,SweetWater Mean Joe Bean,8.5,19,,5,N,TMc6H2,N,verified
974,0a0nmv,SweetWater Motor Boat,SweetWater Motor Boat,5.6,3,,5,N,TMc6H2,N,verified
975,OGHzdU,SweetWater Road Trip,SweetWater Road Trip,5.2,98,,4,N,TMc6H2,N,verified
976,XJ7ZBB,SweetWater SchWheat,SweetWater SchWheat,4.9,112,,5,N,TMc6H2,Y,verified
977,XeZfaD,T.L.A. I.P.A.,T.L.A. I.P.A.,5.7,30,,,N,VEY3Xa,N,verified
978,FnRwC6,Take Two Pils,Take Two Pils,5.5,75,,4,N,TMc6H2,N,verified
979,GbTnYM,Tangerine Space Machine,Tangerine Space Machine,6.8,30,,,N,AqEUBQ,N,verified
980,HptKyQ,Tannakin,Tannakin,6.2,42,,,N,p1tFbP,N,verified
981,YmuNgG,Tasmanian Hatter,Tasmanian Hatter,7,30,,5,N,AqEUBQ,N,verified
982,5ErplG,Tater Ridge - Beer Camp Across America,Tater Ridge - Beer Camp Across America (2014),7,8,2014,5,N,nHLlnK,N,verified
983,FbD1pJ,Taz IPA,Taz IPA,6,30,,,N,AqEUBQ,N,verified
984,Rl3Yy9,Ten FIDY,Ten FIDY (2014),10.5,43,2014,,N,q6vJUK,N,verified
985,44mN7a,Ten FIDY,Ten FIDY (2015),10.5,43,2015,,N,q6vJUK,N,verified
986,x6bRxw,Ten FIDY,Ten FIDY,10.5,43,,5,N,q6vJUK,N,verified
987,aSdzxF,Ten FIDY (2016),Ten FIDY (2016),10.5,44,,,N,q6vJUK,N,verified
988,KVcu4B,Ten Fidy - Bourbon Barrel Aged,Ten Fidy - Bourbon Barrel Aged,12.9,43,,,N,q6vJUK,N,verified
989,oRKnzw,Ten Fidy - Bulleit Bourbon Barrel Aged,Ten Fidy - Bulleit Bourbon Barrel Aged,11,43,,,N,q6vJUK,N,verified
990,6DAt6F,Ten FIDY Stranahans Bourbon Barrel Aged,Ten FIDY Stranahans Bourbon Barrel Aged,10.5,43,,,N,q6vJUK,N,verified
991,cXEnHS,Tequila Barrel-Aged Ophelia,Tequila Barrel-Aged Ophelia,6.6,112,,,N,IImUD9,N,verified
992,Xv2EIK,Tequiza,Tequiza,4.5,105,,5,N,BznahA,Y,verified
993,vf8QTx,Terra Incognita,Terra Incognita,8.5,125,,8,N,nHLlnK,N,verified
994,zFPtdT,Tettang Lager,Tettang Lager,,93,,,Y,p1tFbP,N,verified
995,pOk8tL,The 1759,The 1759,9,32,,,N,HaPdSL,N,verified
996,Kktdjp,The Art Of Chaos,The Art Of Chaos,9,31,,,N,AqEUBQ,N,verified
997,ej16Dh,The Carhartt Woodsman,The Carhartt Woodsman,4.4,25,,5,N,AqEUBQ,N,verified
998,vIhSst,The Dogfather,The Dogfather,10,43,,,N,yX6twV,N,verified
999,cvma3B,The Dogfather Imperial Stout - Bourbon Barrel,The Dogfather Imperial Stout - Bourbon Barrel,10.85,16,,,N,yX6twV,N,verified
1000,TFcGop,The Down Low Ale,The Down Low Ale,3.9,25,,,N,nLsoQ9,N,verified
1001,9RNMJQ,The Gimp,The Gimp,10.3,13,,,N,TMc6H2,N,verified
1002,xlOpbL,The Hairy Eyeball,The Hairy Eyeball,8.8,29,,5,N,nLsoQ9,N,verified
1003,R1JD13,The Mutilator,The Mutilator,7,90,,,N,q6vJUK,N,verified
1004,Qgkp3b,The Pit & The Pendulum,The Pit & The Pendulum,8.3,170,,,N,TMc6H2,N,verified
1005,QJZFnY,The Pit & The Pendulum with Cherries,The Pit & The Pendulum with Cherries,6.1,136,,,N,TMc6H2,N,verified
1006,eVgnFV,The Poet,The Poet,5.2,21,,5,N,AqEUBQ,N,verified
1007,ABoSrf,The Waldos’ Special Ale (2018),The Waldos’ Special Ale (2018),11.3,31,,,N,nLsoQ9,N,verified
1008,7GLf2A,The White Buffalo,The White Buffalo,6,30,,,N,q6vJUK,N,verified
1009,JsJS48,There and Back - Beer Camp Across America,There and Back - Beer Camp Across America (2014),5.6,3,2014,5,N,nHLlnK,N,verified
1010,0NyrGZ,Through the Brambles,Through the Brambles,6.3,170,,,N,TMc6H2,N,verified
1011,hz4rNs,Thunder Ann,Thunder Ann,5.5,25,,,N,p1tFbP,N,verified
1012,Pb4Zwl,Thunder Stout,Thunder Stout,4.95,42,,,N,IImUD9,N,verified
1013,ZzpzSy,Tickled Pink,Tickled Pink,6.6,72,,,N,q6vJUK,N,verified
1014,0tWTUV,Tmavé,Tmavé,5.4,83,,,N,VEY3Xa,N,verified
1015,zsoUNy,Toked Porter,Toked Porter,,18,,,N,q6vJUK,N,verified
1016,lrTDM4,Torikumi,Torikumi,7.5,36,,,N,TMc6H2,N,verified
1017,JaS6T7,Torpedo Extra IPA,Torpedo Extra IPA,7.2,30,,5,N,nHLlnK,N,verified
1018,wC2GDZ,Torpedo Pilsner - Beer Camp Across America,Torpedo Pilsner - Beer Camp Across America (2014),5.2,98,2014,4,N,nHLlnK,N,verified
1019,kuAItj,Trademark Pale Ale,Trademark Pale Ale,5.7,25,,5,N,IImUD9,N,verified
1020,i5EwQe,Trip In The Woods,Trip In The Woods,9.6,15,,,N,nHLlnK,N,verified
1021,lPKfmK,Trip In The Woods Barrel Aged Narwhal w/Red & Black Currents,Trip In The Woods Barrel Aged Narwhal w/Red & Black Currents,9.8,43,,,N,nHLlnK,N,verified
1022,T64OoT,Trip In the Woods Biere De Garde,Trip In the Woods Biere De Garde,9.8,71,,,N,nHLlnK,N,verified
1023,N0usi0,Trip in the Woods Madeira Quad,Trip in the Woods Madeira Quad,10.5,60,,,N,nHLlnK,N,verified
1024,x3B5d8,Trip in the Woods NARWHAL,Trip in the Woods NARWHAL,9.8,134,,,N,nHLlnK,N,verified
1025,TxVKov,Trip in the Woods: Barrel Aged Ginger Bigfoot,Trip in the Woods: Barrel Aged Ginger Bigfoot,11.4,34,,,N,nHLlnK,N,verified
1026,JK8eXb,Trip In the Woods: Cocoa Coconut Narwhal,Trip In the Woods: Cocoa Coconut Narwhal,11.8,43,,,N,nHLlnK,N,verified
1027,kKHKCn,Trip in the Woods: Maple Scotch,Trip in the Woods: Maple Scotch,9.8,15,,,N,nHLlnK,N,verified
1028,ep9tZr,Trip In the Woods: Rye Dunkelweizen,Trip In the Woods: Rye Dunkelweizen,9.6,52,,,N,nHLlnK,N,verified
1029,LPQCSx,Trip In The Woods: Tawny Narwhal,Trip In The Woods: Tawny Narwhal,11.4,16,,,N,nHLlnK,N,verified
1030,K2y0MV,Trip In the Woods: Tequila-Barrel-Aged Otra Vez,Trip In the Woods: Tequila-Barrel-Aged Otra Vez,7.5,165,,,N,nHLlnK,N,verified
1031,eJ0fVE,Tripel  Squared,Tripel  Squared,9,59,,8,N,yX6twV,N,verified
1032,pO0ouy,Triple Smoked Cubcrawler,Triple Smoked Cubcrawler,6,129,,,Y,p1tFbP,N,verified
1033,eXzIZz,TripleTail,TripleTail,5.5,30,,,N,TMc6H2,N,verified
1034,qPgNWv,Tripper Noche,Tripper Noche,12.1,43,,,N,AqEUBQ,N,verified
1035,cPLFNf,Tropical Lover,Tropical Lover,4.3,40,,,N,TMc6H2,N,verified
1036,BUVVgt,Tropical Mama’s,Tropical Mama’s,5.3,98,,,N,q6vJUK,N,verified
1037,KuflHE,Tropical Torpedo,Tropical Torpedo,6.7,30,,,N,nHLlnK,N,verified
1038,4eYvNS,TuberFest,TuberFest,7.5,102,,,N,nLsoQ9,N,verified
1039,isCgs7,Tumbler,Tumbler,5.5,37,,5,N,nHLlnK,N,verified
1040,bf76fr,Twin Peaks,Twin Peaks,5,25,,,N,nHLlnK,N,verified
1041,QSwjKh,Twisted Cedar,Twisted Cedar,5.8,10,,,N,AqEUBQ,N,verified
1042,5dbIgo,Twisted Fish,Twisted Fish,5.3,106,,,N,TMc6H2,N,verified
1043,65zNUD,Two Hats Lime,Two Hats Lime,4.2,94,,,N,hGFVYy,N,verified
1044,TmGZKm,Two Hats Pineapple,Two Hats Pineapple,4.2,94,,,N,hGFVYy,N,verified
1045,Mp3DgY,Two-Headed Ruthless Rye IPA,Two-Headed Ruthless Rye IPA,9.7,117,,,N,nHLlnK,N,verified
1046,4LX2Qa,Two-One Niner,Two-One Niner,4.8,98,,4,N,yX6twV,N,verified
1047,TvAG7D,Uncle Bert's Farm Market Red,Uncle Bert's Farm Market Red,5.6,101,,,N,AqEUBQ,N,verified
1048,ExTe8O,Unfiltered Wheat Beer,Unfiltered Wheat Beer,4.4,112,,5,N,nHLlnK,N,verified
1049,lAM2hZ,Unibrown,Unibrown,7.1,37,,,N,nHLlnK,N,verified
1050,fWbkCT,Unite Red IPA,Unite Red IPA,,33,,,Y,p1tFbP,N,verified
1051,Il48ZU,United in Orange,United in Orange,5.3,25,,,N,IImUD9,N,verified
1052,Bk34Go,Vanilla Porter,Vanilla Porter,5.4,18,,5,N,IImUD9,N,verified
1053,tenqsI,Vanilla Wheat,Vanilla Wheat,,65,,,Y,p1tFbP,N,verified
1054,8ve3vf,Velvet Elvis Stout,Velvet Elvis Stout,,42,,,N,q6vJUK,N,verified
1055,7IjJ76,Vienna,Vienna,5.3,80,,,N,nHLlnK,N,verified
1056,CJYncP,Vienna Lager,Vienna Lager,5.7,80,,,N,q6vJUK,N,verified
1057,MdlspB,Vienna Lager,Vienna Lager,4.7,80,,,N,4F7QA9,N,verified
1058,kZ5YoL,VT Haze,VT Haze,4.1,164,,,N,VEY3Xa,N,verified
1059,8rc5kA,Wachusetts IPA,Wachusetts IPA,5.6,30,,5,N,DifSi4,N,verified
1060,a9reE2,Waldo's Special Ale,Waldo's Special Ale,11.5,31,,6,N,nLsoQ9,N,verified
1061,vxQzSS,Wally,Wally,7,30,,,N,DifSi4,N,verified
1062,YH9nbt,Wally Junior,Wally Junior,4.5,164,,,N,DifSi4,N,verified
1063,R7UZkR,Wango Mango,Wango Mango,6,119,,,N,q6vJUK,N,verified
1064,YcAgdR,Warrior Bomb,Warrior Bomb,5,30,,,Y,p1tFbP,N,verified
1065,Fkz9Mi,Water-melon-Rita,Water-melon-Rita,8,161,,,N,BznahA,N,verified
1066,6jvc3G,Waterkeeper,Waterkeeper,6,48,,9,N,TMc6H2,N,verified
1067,l7irOy,Weizenbock - Beer Camp #37,Weizenbock - Beer Camp #37,6.8,53,,,N,nHLlnK,N,verified
1068,5hvNTC,Well Built,Well Built,8.8,132,,,N,IImUD9,N,verified
1069,60GVov,Well Built E.S.B.,Well Built E.S.B.,7.8,5,,,N,IImUD9,N,verified
1070,hCMeA4,West Latitude Session Rye,West Latitude Session Rye,5.5,117,,,N,nHLlnK,N,verified
1071,iypGyz,Wet Hopped American Summer,Wet Hopped American Summer,4.8,112,,,Y,p1tFbP,N,verified
1072,Jjw7Pd,Wheat Of The Moment,Wheat Of The Moment,5.7,112,,,Y,nHLlnK,N,verified
1073,Me6YnI,Wheat Wine,Wheat Wine,11.5,35,,,N,4F7QA9,N,verified
1074,pYXY7M,Whiplash,Whiplash,6.3,30,,5,N,TMc6H2,N,verified
1075,HL52ir,Whiskey Barrel Snowman Stout,Whiskey Barrel Snowman Stout,5.2,42,,,Y,p1tFbP,N,verified
1076,bpJ9u8,White Ale,White Ale,4.8,65,,,N,IImUD9,N,verified
1077,gQiQsk,White Hatter,White Hatter,5.5,62,,5,N,AqEUBQ,N,verified
1078,rjJiAx,White IPA - Asheville Beer Week,White IPA - Asheville Beer Week (2014),5.5,30,2014,,N,q6vJUK,Y,verified
1079,JR5uca,White Lightning ,White Lightning ,6.5,30,,,Y,4F7QA9,N,verified
1080,rRe2jl,Whole Lotta Lov,Whole Lotta Lov,5.4,20,,,N,VEY3Xa,N,verified
1081,QCvO04,Why Not?,Why Not?,6.5,72,,,N,nHLlnK,N,verified
1082,vkoim1,Wicked Wheat IPA ,Wicked Wheat IPA ,5.6,30,,,Y,4F7QA9,N,verified
1083,655f2d,Wicket IPA,Wicket IPA,5.4,2,,,N,VEY3Xa,N,verified
1084,7Yytym,Wilco Tango Foxtrot,Wilco Tango Foxtrot,7.8,37,,5,N,nLsoQ9,N,verified
1085,InYD5U,Wild Blue Blueberry Lager,Wild Blue Blueberry Lager,8,68,,,N,BznahA,N,verified
1086,kzMoR5,Wild Thang,Wild Thang,5,36,,,N,4F7QA9,N,verified
1087,5pJqvf,Willett Bourbon Barrel Aged Imperial Stout,Willett Bourbon Barrel Aged Imperial Stout,11.5,43,,,N,nLsoQ9,N,verified
1088,9LnbQj,Willettized Coffee Stout,Willettized Coffee Stout,11.7,43,,,N,nLsoQ9,N,verified
1089,1B8Hrr,Willettized Imperial Coffee Stout,Willettized Imperial Coffee Stout,12.6,20,,,N,nLsoQ9,N,verified
1090,Edea9J,Winter Ale,Winter Ale,6.1,15,,,N,DifSi4,N,verified
1091,4CC8Gf,Winter Haze,Winter Haze,8.5,34,,2,N,941OaA,N,verified
1092,dmVTls,Winter Saison,Winter Saison,5.3,72,,,N,VEY3Xa,N,verified
1093,xMjKhw,Wintertide Ale,Wintertide Ale,6,124,,,N,nHLlnK,N,verified
1094,TpeMIM,Witbier with Grapefruit,Witbier with Grapefruit,7,119,,,N,nHLlnK,N,verified
1095,KiXHLV,Witness,Witness,6,65,,,N,VEY3Xa,N,verified
1096,5stK34,Wookie Down,Wookie Down,7.6,33,,,N,TMc6H2,N,verified
1097,eI4NgQ,Work,Work (2013),,52,2013,,N,IImUD9,N,verified
1098,SZbmSL,WTFarmhouse,WTFarmhouse,8.41,136,,,N,nLsoQ9,N,verified
1099,x21pxt,XMas Chub,XMas Chub,8,124,,,N,q6vJUK,N,verified
1100,ndBEW0,Xtra Time,Xtra Time,4.4,108,,,N,AqEUBQ,N,verified
1101,BKi6Ss,Yadig? Berliner Hopfenweissen,Yadig? Berliner Hopfenweissen,4.3,35,,,N,q6vJUK,N,verified
1102,EqgmWc,Year of the Dog - Release #1,Year of the Dog - Release #1,7.2,33,,,N,yX6twV,N,verified
1103,ruYTf6,Yippe Rye Aye!,Yippe Rye Aye!,5.9,112,,5,N,nHLlnK,N,verified
1104,CScss3,Yonder Bock - Beer Camp Across America,Yonder Bock - Beer Camp Across America (2014),7.7,89,2014,5,N,nHLlnK,N,verified
1105,a8u4ic,Yvan The Great - Beer Camp Across America,Yvan The Great - Beer Camp Across America (2014),6.3,61,2014,5,N,nHLlnK,N,verified
1106,9GBACV,Zepher Ale,Zepher Ale,7.5,,,5,N,nLsoQ9,N,verified
1107,nwNOxm,ZiegenBock Amber,ZiegenBock Amber,4.9,101,,,N,BznahA,N,verified
1108,EBlZnE,Zoomer,Zoomer,4.7,112,,,N,AqEUBQ,N,verified
