,id,name,brewery,style,abv,ibu,rating
0,c4f2KE,Manifest Destiny ‘Murican Pilsner,Sierra Nevada Brewing Co.,Pilsner - Other,4.5% ABV,N/A IBU,(3.4)
1,c4f2KE,M'rica Pilsner,Lookout Brewing Co.,Pilsner - Other,5.4% ABV,N/A IBU,(3.34)
2,c4f2KE,'Murican Pilsner (August 2013),Bad Dog Homebrewing,Homebrew  |  Pilsner - Other,5.6% ABV,N/A IBU,(0)
3,c4f2KE,'Murican Pilsner,Doster Brewing Co,Homebrew  |  Pilsner - Other,4.7% ABV,34 IBU,(0)
4,c4f2KE,'Murica Pilsner,Grace and Roses,Homebrew  |  Pilsner - German,5.1% ABV,35 IBU,(0)
5,zTTWa2,11.5° Plato,Sierra Nevada Brewing Co.,IPA - Session / India Session Ale,4.5% ABV,N/A IBU,(3.63)
6,zfP2fK,12th of Never Ale,Lagunitas Brewing Company,Pale Ale - American,5.5% ABV,45 IBU,(3.74)
7,zfP2fK,12th of Never Ale (2018),Lagunitas Brewing Company,Pale Ale - American,5.5% ABV,45 IBU,(3.634)
8,zfP2fK,Barrel-Aged 12th of Never With Peaches & Brett,Lagunitas Brewing Company,Sour - Ale,5.88% ABV,N/A IBU,(3.569)
9,zfP2fK,12th of Never,R & B Home Brew,Homebrew  |  Scotch Ale / Wee Heavy,N/A ABV,N/A IBU,(0)
10,zfP2fK,12th Forge of Mt. Never,Lost Mountain Brewery,Homebrew  |  Pale Ale - New England,3% ABV,40 IBU,(0)
11,xwYSL2,XV Reserve 15th Anniversary Ale,Brewery Ommegang,Belgian Strong Dark Ale,9.6% ABV,N/A IBU,(4.142)
12,xwYSL2,Legend,Tommyknocker Brewery,Brown Ale - Imperial / Double,10% ABV,40 IBU,(3.769)
13,xwYSL2,Double Standard Double IPA,Third Street Aleworks (California),IPA - Imperial / Double,9.1% ABV,100 IBU,(3.848)
14,xwYSL2,Newport Storm - Annual Release '15,Newport Craft Brewing Co.,Smoked Beer,11% ABV,N/A IBU,(3.771)
15,xwYSL2,Yazoo 15th Anniversary Ale,Yazoo Brewing Company,Pale Ale - American,N/A ABV,N/A IBU,(3.683)
16,UJGpVS,16 So Fine Red Wheat Wine,SweetWater Brewing Company,Wheat Wine,11% ABV,70 IBU,(3.772)
17,LcpeBb,17th Anniversary Aged In Tequila Barrels,SweetWater Brewing Company,Saison / Farmhouse Ale,9% ABV,N/A IBU,(3.864)
18,LcpeBb,Excelsior! Anniversary 17,Ithaca Beer Company,IPA - Imperial / Double,8.8% ABV,N/A IBU,(3.56)
19,LcpeBb,17 Saison Farmhouse Ale,SweetWater Brewing Company,Saison / Farmhouse Ale,9% ABV,49 IBU,(3.649)
20,LcpeBb,Mango Madness Saison,17th Ave Brewing Cooperative,Homebrew  |  Saison / Farmhouse Ale,5.8% ABV,N/A IBU,(0)
21,LcpeBb,South Coast Summer Saison,17th Floor Brewery,Homebrew  |  Saison / Farmhouse Ale,N/A ABV,N/A IBU,(0)
22,Yd8G8r,18 Belgian-Style Tripel Ale,SweetWater Brewing Company,Belgian Tripel,10% ABV,70 IBU,(3.836)
23,Yd8G8r,10th Anniversary Belgian Tripel,Keegan Ales,Pale Ale - American,N/A ABV,N/A IBU,(3.528)
24,Yd8G8r,Nineteen Belgian-Style Tripel,Avery Brewing Co.,Belgian Tripel,8.23% ABV,65 IBU,(3.779)
25,Yd8G8r,17th Anniversary Belgian Tripel,"Carolina Brewing Company (Holly Springs, NC)",Belgian Tripel,9.4% ABV,N/A IBU,(3.668)
26,Yd8G8r,15th Anniversary Belgian Style Tripel,Alley Kat Brewing Company,Belgian Tripel,8.2% ABV,N/A IBU,(0)
27,iJ329Y,19 Golden Belgian Style Ale,SweetWater Brewing Company,Blonde Ale - Belgian Blonde / Golden,7% ABV,60 IBU,(3.762)
28,iJ329Y,Brainless Belgian-Style Golden Ale (Release #19),"Epic Brewing Co. (Utah, Colorado)",Blonde Ale - Belgian Blonde / Golden,8.3% ABV,N/A IBU,(0)
29,O78ldO,1904 American Red Lager,Anheuser-Busch,Lager - Red,5% ABV,N/A IBU,(3.277)
30,qGDeH1,2x4 DIPA,Melvin Brewing,IPA - Imperial / Double,9.9% ABV,100 IBU,(4.127)
31,qGDeH1,Raglan T-Rex (Mangosaurus) Imperial IPA,Pizza Port Brewing Co.,IPA - Imperial / Double,8.1% ABV,N/A IBU,(3.854)
32,qGDeH1,Haze Is A Four Letter Word,Carolina Bauernhaus Ales,IPA - New England,6.2% ABV,40 IBU,(3.685)
33,qGDeH1,Stud Breaker,Hamilton Family Brewery,IPA - American,7.5% ABV,74 IBU,(3.646)
34,qGDeH1,Fresh Hop 2x4,Melvin Brewing,IPA - Imperial / Double,10.5% ABV,100 IBU,(4.272)
35,MgdJep,Guinness 200th Anniversary Export Stout,Guinness,Stout - Foreign / Export,6% ABV,10 IBU,(3.806)
36,ISTT06,Beer Camp Golden IPA (2017),Sierra Nevada Brewing Co.,IPA - American,6.5% ABV,50 IBU,(3.682)
37,ISTT06,Beer Camp Across the World Dry-Hopped Berliner-Style Weisse (2017),Sierra Nevada Brewing Co.,Sour - Berliner Weisse,4.2% ABV,10 IBU,(3.566)
38,ISTT06,"Hop, Sticke, Jump",Sierra Nevada Brewing Co.,Altbier,7% ABV,45 IBU,(3.645)
39,ISTT06,Beer Camp Across the World East Meets West IPA (2017),Sierra Nevada Brewing Co.,IPA - American,7% ABV,40 IBU,(3.914)
40,ISTT06,Eye On Saison (2017),Bob's Beer Camp,Homebrew  |  Saison / Farmhouse Ale,N/A ABV,N/A IBU,(0)
41,v4KRep,20 Imperial India Pale Ale featuring Hash on Brett,SweetWater Brewing Company,Sour - Farmhouse IPA,9% ABV,81 IBU,(3.765)
42,uIgENV,20th Street Citra,Sierra Nevada Brewing Co.,Pale Ale - American,6% ABV,N/A IBU,(3.719)
43,WcP2Ww,20th Street Ale Crystal,Sierra Nevada Brewing Co.,Pale Ale - American,7.3% ABV,N/A IBU,(3.735)
44,HyxQE4,20th Street Ale Magnum,Sierra Nevada Brewing Co.,Pale Ale - American,7.3% ABV,N/A IBU,(3.691)
45,e9sjBk,Stone 21st Anniversary Hail To the Hop Thief Double IPA,Stone Brewing,IPA - Imperial / Double,9.8% ABV,80 IBU,(3.984)
46,e9sjBk,Stone 22nd Anniversary Anni-Matter Double IPA,Stone Brewing,IPA - Imperial / Double,9.1% ABV,81 IBU,(3.975)
47,e9sjBk,Birthday Suit Sour Farmhouse Ale (21st Anniversary),Uinta Brewing Company,Sour - Ale,6.3% ABV,N/A IBU,(3.878)
48,e9sjBk,21st Anniversary Ale,Weyerbacher Brewing Company,Stout - American Imperial / Double,11.9% ABV,N/A IBU,(4.001)
49,e9sjBk,21st Anniversary,Great Divide Brewing Company,Sour - Ale,6.2% ABV,10 IBU,(3.534)
50,YZXVKq,Fat Tire,New Belgium Brewing Company,Red Ale - American Amber / Red,5.2% ABV,22 IBU,(3.578)
51,YZXVKq,Delirium Argentum,Huyghe Brewery,Belgian Strong Golden Ale,7% ABV,55 IBU,(3.69)
52,YZXVKq,25th Anniversary Ale,Goose Island Beer Co.,Extra Special / Strong Bitter,6.4% ABV,N/A IBU,(3.538)
53,YZXVKq,25th Anniversary Double IPL,Otter Creek Brewing,Lager - IPL (India Pale Lager),8.5% ABV,75 IBU,(3.876)
54,YZXVKq,Keene Idea,Alpine Beer Company,IPA - Imperial / Double,8.88% ABV,N/A IBU,(4.438)
55,7z8RTq,3 Weight,Sierra Nevada Brewing Co.,IPA - Session / India Session Ale,4% ABV,N/A IBU,(3.569)
56,7z8RTq,Light Weight,Exit 33,Pale Ale - English,3.9% ABV,N/A IBU,(3.479)
57,7z8RTq,Worth the Weight,Three Notch'd Brewing Company,Stout - American Imperial / Double,9.2% ABV,30 IBU,(3.845)
58,7z8RTq,Weight of the World (Batch 3),Black Heath Meadery,Mead - Metheglin,14% ABV,N/A IBU,(4.545)
59,7z8RTq,Weightless 3.11,Wooden Crate Brewery,Homebrew  |  IPA - Red,7.5% ABV,130 IBU,(0)
60,f5CWb6,"30th Anniversary - Charlie, Fred & Ken's Imperial Helles Bock",Sierra Nevada Brewing Co.,Bock - Maibock / Heller (Helles) / Lentebock,8.3% ABV,N/A IBU,(3.803)
61,0KEzfx,30th Anniversary - Fritz And Ken's Ale,Sierra Nevada Brewing Co.,Stout - American Imperial / Double,9.2% ABV,N/A IBU,(4.109)
62,0KEzfx,30th Anniversary - Fritz and Ken's Ale - Bourbon Barrel Aged,Sierra Nevada Brewing Co.,Stout - American Imperial / Double,13.5% ABV,N/A IBU,(4.092)
63,0KEzfx,30th Anniversary - Fritz and Ken's Ale - Rum Barrel-Aged,Sierra Nevada Brewing Co.,Stout - Other,N/A ABV,N/A IBU,(4.155)
64,KjumXn,30th Anniversary - Our Brewers Reserve Grand Cru,Sierra Nevada Brewing Co.,Strong Ale - American,9.2% ABV,N/A IBU,(4.044)
65,KjumXn,30th Anniversary Grand Cru,Spinnakers Gastro Brewpub,Belgian Strong Dark Ale,8% ABV,20 IBU,(3.668)
66,8M5lCq,30th Anniversary - Jack And Ken's Ale (Black Barleywine),Sierra Nevada Brewing Co.,Barleywine - American,10.2% ABV,N/A IBU,(4.12)
67,ajbd6g,35th Anniversary - Our Brewers Reserve,Sierra Nevada Brewing Co.,Strong Ale - American,8% ABV,N/A IBU,(4.04)
68,ajbd6g,30th Anniversary - Our Brewers Reserve Grand Cru,Sierra Nevada Brewing Co.,Strong Ale - American,9.2% ABV,N/A IBU,(4.044)
69,NoNhan,420 Extra Pale Ale,SweetWater Brewing Company,Pale Ale - American,5.7% ABV,39 IBU,(3.618)
70,NoNhan,420 Extra Pale Ale W/ Summit Coffee,SweetWater Brewing Company,Pale Ale - American,N/A ABV,N/A IBU,(4.089)
71,NoNhan,Atlanta 420 Extra Pale Ale,Lyford 188 Brewing,Homebrew  |  Pale Ale - American,6% ABV,43 IBU,(3.721)
72,pOUbfg,420 Fest Double IPA,SweetWater Brewing Company,IPA - Imperial / Double,8% ABV,85 IBU,(3.907)
73,pOUbfg,420 Fest Double IPA (2015),SweetWater Brewing Company,IPA - Imperial / Double,8% ABV,85 IBU,(3.958)
74,pOUbfg,Sweetwater 420 Fest DIPA (Clone Attempt #1),Woodsman Brewing,Homebrew  |  IPA - American,6.8% ABV,85 IBU,(0)
75,pOUbfg,Felton 420,Greenwood Tavern and Brewery,Homebrew  |  Red Ale - American Amber / Red,7% ABV,93 IBU,(0)
76,pOUbfg,Duck Fustin Brown Ale,420 Brewing Company,Homebrew  |  Brown Ale - American,6.55% ABV,N/A IBU,(0)
77,jIKwgZ,420 Strain G13 IPA,SweetWater Brewing Company,IPA - New England,6% ABV,48 IBU,(3.803)
78,HZMvCT,471 IPA Barrel Series: Citra,Breckenridge Brewery,IPA - Imperial / Double,11.3% ABV,70 IBU,(3.855)
79,GysKeq,471 IPA Small Batch Barrel Series (Eureka Hops),Breckenridge Brewery,IPA - Imperial / Double,11.2% ABV,70 IBU,(3.994)
80,j9cp5e,471 Small Batch IPA,Breckenridge Brewery,IPA - Imperial / Double,9.2% ABV,70 IBU,(3.846)
81,j9cp5e,471 IPA Small Batch Barrel Series (Hüll Melon Hops),Breckenridge Brewery,IPA - Imperial / Double,9.7% ABV,70 IBU,(3.906)
82,j9cp5e,471 IPA Small Batch Barrel Series (Eureka Hops),Breckenridge Brewery,IPA - Imperial / Double,11.2% ABV,70 IBU,(3.994)
83,j9cp5e,471 IPA Small Batch Barrel Series (Sorachi Ace Hops),Breckenridge Brewery,IPA - Imperial / Double,11.68% ABV,N/A IBU,(4.009)
84,j9cp5e,471 Small Batch IPA W/ Pineapple,Breckenridge Brewery,IPA - Imperial / Double,9.2% ABV,N/A IBU,(4)
85,5MX880,5Cs IPA,Vault Brewing Company,IPA - American,6.5% ABV,N/A IBU,(3.83)
86,5MX880,5 C's IPA,Portsmouth Brewery (NH),IPA - American,6.5% ABV,N/A IBU,(3.811)
87,5MX880,India Pale Ale 5C,The Kernel Brewery,IPA - American,6.9% ABV,N/A IBU,(4.142)
88,5MX880,IPA 5C,St. Andrews Brewing Co,IPA - American,5% ABV,N/A IBU,(3.558)
89,5MX880,5 Cs Double IPA,Great Burn Brewing,IPA - Imperial / Double,7.8% ABV,65 IBU,(3.703)
90,uA3MVL,7 BBL,Birdsview Brewing Company,IPA - American,7.5% ABV,N/A IBU,(3.62)
91,uA3MVL,7 Bbl IPA,Birdsview Brewing Company,IPA - American,N/A ABV,N/A IBU,(0)
92,uA3MVL,Paradise City W/ Idaho #7,Birdsong Brewing Co,IPA - Session / India Session Ale,4.8% ABV,N/A IBU,(0)
93,uA3MVL,7:38 Fresh Hop Pale Ale,Birdsview Brewing Company,Pale Ale - American,7.3% ABV,N/A IBU,(0)
94,uA3MVL,Motley Brew,Cavalier Brewing,Witbier,5.9% ABV,N/A IBU,(3.55)
95,MqTIG4,72 Imperial Chocolate Cream Stout,Breckenridge Brewery,Stout - Imperial Milk / Sweet,7.2% ABV,11 IBU,(3.822)
96,MqTIG4,72 Imperial Chocolate Cream Stout (Barrel Aged),Breckenridge Brewery,Stout - Milk / Sweet,11.6% ABV,11 IBU,(3.901)
97,MqTIG4,72 Imperial Barrel Series: Whiskey Barrel,Breckenridge Brewery,Stout - Imperial / Double,8.3% ABV,N/A IBU,(3.888)
98,MqTIG4,Barrel-Aged 72 Imperial Chocolate Cream Stout,Breckenridge Brewery,Stout - American Imperial / Double,11.6% ABV,N/A IBU,(4.235)
99,MqTIG4,Imperial IPA Release 72,"Epic Brewing Co. (Utah, Colorado)",IPA - Imperial / Double,8.5% ABV,N/A IBU,(0)
100,wDgaK8,A Beer Named Sue,Fall Brewing Company,Lager - Amber,5.5% ABV,N/A IBU,(3.543)
101,wDgaK8,A Beer Named Sue,Cigar City Brewing,Sour - Berliner Weisse,3.9% ABV,N/A IBU,(4.011)
102,wDgaK8,A Beer Named Sue,Prodigal Son Brewery,Golden Ale,4.6% ABV,14 IBU,(3.501)
103,wDgaK8,A Beer Named Sue,Screamin' Hill Brewery,Other,5.6% ABV,N/A IBU,(3.658)
104,wDgaK8,A Beer Named Sue,The Brewtorium - Brewery & Kitchen,IPA - American,6.3% ABV,57 IBU,(3.753)
105,Au0v9G,A Little Sumpin' Extra! Ale,Lagunitas Brewing Company,IPA - Imperial / Double,8.7% ABV,72 IBU,(3.988)
106,Au0v9G,A Little Sumpin' Extra (w/ Nelson Sauvin Hops),Lagunitas Brewing Company,Strong Ale - American,8.5% ABV,64 IBU,(4.08)
107,svXHfu,A Little Sumpin' Sumpin' Ale,Lagunitas Brewing Company,Pale Wheat Ale - American,7.5% ABV,65 IBU,(3.831)
108,svXHfu,A Little Sumpin' Extra! Ale,Lagunitas Brewing Company,IPA - Imperial / Double,8.7% ABV,72 IBU,(3.988)
109,svXHfu,A Little Sumpin' Wild Ale,Lagunitas Brewing Company,IPA - Belgian,8.8% ABV,72 IBU,(3.849)
110,svXHfu,Sumpin’ Easy,Lagunitas Brewing Company,Pale Wheat Ale - American,5.7% ABV,51 IBU,(3.614)
111,svXHfu,A Little Sumpin’ Sumpin Ale (2018),Lagunitas Brewing Company,Pale Wheat Ale - American,7.5% ABV,65 IBU,(3.805)
112,hbF6tu,ABLE Best Britter,Sierra Nevada Brewing Co.,Extra Special / Strong Bitter,4.3% ABV,N/A IBU,(0)
113,MTLa3r,Afternooner Tea Saison,Situation Brewing,Saison / Farmhouse Ale,6% ABV,25 IBU,(3.812)
114,MTLa3r,Afternooner Tea Saison 4.0,Situation Brewing,Saison / Farmhouse Ale,N/A ABV,N/A IBU,(3.988)
115,MTLa3r,Afternooner Tea Saison 5.0,Situation Brewing,Saison / Farmhouse Ale,6% ABV,N/A IBU,(3.836)
116,MTLa3r,Afternooner Tea Saison 2.0,Situation Brewing,Saison / Farmhouse Ale,6% ABV,25 IBU,(3.963)
117,MTLa3r,Afternooner Tea Saison 3.0,Situation Brewing,Saison / Farmhouse Ale,6% ABV,25 IBU,(3.742)
118,6AcqY6,Agave Wheat,Breckenridge Brewery,Pale Wheat Ale - American,4.4% ABV,13 IBU,(3.508)
119,6AcqY6,Welder's Agave Wheat,Tradesman Brewing Company,Pale Wheat Ale - American,7.2% ABV,20 IBU,(3.646)
120,6AcqY6,Agave Wheat,Skyland Ale Works,Pale Wheat Ale - American,6.3% ABV,20 IBU,(3.614)
121,6AcqY6,Agave Wheat,Aztec Brewery,Pale Wheat Ale - American,5.2% ABV,26 IBU,(3.358)
122,6AcqY6,Agave Peach Wheat,Short's Brewing Company,Fruit Beer,5.9% ABV,35 IBU,(3.404)
123,RK9Po6,IPA,Lagunitas Brewing Company,IPA - American,6.2% ABV,46 IBU,(3.77)
124,RK9Po6,Two Hearted Ale,Bell's Brewery,IPA - American,7% ABV,N/A IBU,(3.974)
125,RK9Po6,All Day IPA,Founders Brewing Co.,IPA - Session / India Session Ale,4.7% ABV,42 IBU,(3.734)
126,RK9Po6,Goose IPA,Goose Island Beer Co.,IPA - English,5.9% ABV,55 IBU,(3.532)
127,RK9Po6,Fat Tire,New Belgium Brewing Company,Red Ale - American Amber / Red,5.2% ABV,22 IBU,(3.578)
128,yn4ODI,Old Stinkhorn Organic Ale,MPL Communications Limited,English Mild Ale,N/A ABV,N/A IBU,(0)
129,yn4ODI,Ale Communication,Zero Gravity Craft Brewery,IPA - Imperial / Double,7.8% ABV,N/A IBU,(3.788)
130,yn4ODI,Communication Breakdown Brett Ipa,Black Vinyl Ale Project,Sour - Ale,6.5% ABV,45 IBU,(3.816)
131,2cLm8B,All Colorado Apricot Wheat,Oskar Blues Brewery,Pale Wheat Ale - American,5.5% ABV,N/A IBU,(3.759)
132,DbeLZF,All Colorado Wet Hop Pale Ale,Oskar Blues Brewery,Pale Ale - American,5.8% ABV,N/A IBU,(3.727)
133,5TQX99,Six Rights IPA (Beer Camp #152),Sierra Nevada Brewing Co.,IPA - Imperial / Double,8% ABV,52 IBU,(3.92)
134,5TQX99,Chocolate Chili Stout,Sierra Nevada Brewing Co.,Spiced / Herbed Beer,8.8% ABV,50 IBU,(3.757)
135,5TQX99,Japance Off,Denver Beer Co.,Saison / Farmhouse Ale,5.7% ABV,N/A IBU,(3.62)
136,5TQX99,Mischievous Kea,Altitude Brewing,IPA - English,5.5% ABV,58 IBU,(3.717)
137,5TQX99,ALTitude,Tuckerman Brewing Company,Altbier,7.3% ABV,42 IBU,(3.59)
138,MmaQrA,Summer,Mayflower Brewing Company,Blonde Ale - Belgian Blonde / Golden,3.8% ABV,19 IBU,(3.347)
139,MmaQrA,Summerhook,Redhook Brewery,Rye Beer,4.7% ABV,35 IBU,(3.398)
140,MmaQrA,Cohort,Summer Wine Brewing Co.,IPA - Imperial / Double Black,7.5% ABV,N/A IBU,(3.611)
141,MmaQrA,SummeRye,Triple Voodoo Brewery and Tap Room,Rye Beer,4.9% ABV,20 IBU,(3.512)
142,MmaQrA,Summer Spice Cake,Griffin Claw Brewing Company,Strong Ale - American,12% ABV,N/A IBU,(3.859)
143,AQE3Sx,Summer Love,Victory Brewing Company,Golden Ale,5.2% ABV,25 IBU,(3.452)
144,AQE3Sx,Easy Jack,Firestone Walker Brewing Company,IPA - Session / India Session Ale,4.5% ABV,47 IBU,(3.707)
145,AQE3Sx,"The Kimmie, The Yink and The Holy Gose Ale",Anderson Valley Brewing Company,Sour - Gose,5% ABV,12 IBU,(3.586)
146,AQE3Sx,Oneida,Modern Times Beer,Pale Ale - American,5.8% ABV,50 IBU,(3.756)
147,AQE3Sx,Summer Session Ale,Peak Organic Brewing Company,Pale Wheat Ale - American,5% ABV,61 IBU,(3.381)
148,3Zc0Ez,Wine Barrel Summerbright Ale,Breckenridge Brewery,Pale Wheat Ale - American,4.5% ABV,N/A IBU,(3.635)
149,3Zc0Ez,Summer Bright Strawberry Ale,Breckenridge Brewery,Golden Ale,4.5% ABV,N/A IBU,(0)
150,3Zc0Ez,SummerBright Ale,Breckenridge Brewery,Golden Ale,4.5% ABV,15 IBU,(3.342)
151,3Zc0Ez,SummerBright Ale (2015),Breckenridge Brewery,Golden Ale,4.5% ABV,N/A IBU,(3.46)
152,3Zc0Ez,Summer Bright Ale,Bureau Of Beer Making,Homebrew  |  Pale Ale - American,5.2% ABV,50 IBU,(0)
153,5ue4ah,Summerfest,Sierra Nevada Brewing Co.,Pilsner - Czech,5% ABV,28 IBU,(3.458)
154,5ue4ah,Summerfest (2018),Sierra Nevada Brewing Co.,Pilsner - Czech,5% ABV,28 IBU,(3.591)
155,5ue4ah,Super Nova Summer Fest,Empyrean Brewing Co.,California Common,5% ABV,33 IBU,(3.327)
156,5ue4ah,Summerfest,Natty Greene's Brewing Co.,Lager - Dortmunder / Export,5.2% ABV,N/A IBU,(3.334)
157,5ue4ah,Citra Pale Ale,Keegan Ales,Pale Ale - American,7% ABV,86 IBU,(3.684)
158,2yXCVa,Sumpin’ Easy,Lagunitas Brewing Company,Pale Wheat Ale - American,5.7% ABV,51 IBU,(3.614)
159,PB49EI,Sun Dog Amber Wheat,Anheuser-Busch,Pale Wheat Ale - American,5.3% ABV,N/A IBU,(3)
160,2Bxz64,Sundog,Four Quarters Brewing,IPA - Imperial / Double,8% ABV,N/A IBU,(4.057)
161,2Bxz64,Sundog Belgian White Ale,Churchill Brewing Company,Witbier,5% ABV,17 IBU,(3.414)
162,2Bxz64,Sundog Cider,Sundog Cider,Cider - Other,6% ABV,N/A IBU,(3.321)
163,2Bxz64,Sundog Milk Stout,Seven Arrows Brewing,Stout - Milk / Sweet,5.5% ABV,38 IBU,(3.715)
164,2Bxz64,Sundog Millionaire,Four Quarters Brewing,IPA - Imperial / Double,8% ABV,N/A IBU,(4.058)
165,G8qBXI,Super Cluster,Lagunitas Brewing Company,IPA - Imperial / Double,8% ABV,60 IBU,(3.901)
166,G8qBXI,Supercluster Surfer IPA,Rocket Brewing Company,IPA - American,5.2% ABV,N/A IBU,(3.385)
167,G8qBXI,Galactic Supercluster,Cycle Brewing Company,Witbier,5.4% ABV,N/A IBU,(3.971)
168,G8qBXI,Super Cluster (w/ Simcoe Hops),Lagunitas Brewing Company,IPA - American,8% ABV,N/A IBU,(3.907)
169,G8qBXI,Local Supercluster,Flagship Brewing Company,Sour - Ale,N/A ABV,N/A IBU,(3.487)
170,ATFslo,Sweet Sunny South,Sierra Nevada Brewing Co.,Saison / Farmhouse Ale,4.9% ABV,23 IBU,(3.619)
171,l5VbnF,Big Ol' Belgian Blue Balls (Dank Tank),SweetWater Brewing Company,Fruit Beer,8% ABV,N/A IBU,(3.941)
172,8lmndo,Donkey Punch,SweetWater Brewing Company,Barleywine - American,10% ABV,N/A IBU,(3.92)
173,8lmndo,Woodford Reserve Barrel Aged Donkey Punch,SweetWater Brewing Company,Barleywine - American,N/A ABV,N/A IBU,(3.798)
174,8lmndo,Donkey Punch (2009),SweetWater Brewing Company,Barleywine - American,10% ABV,N/A IBU,(3.944)
175,6owRQn,Exodus Porter,SweetWater Brewing Company,Porter - American,6.2% ABV,25 IBU,(3.667)
176,6owRQn,Exodus - Jamaican Coffee Porter,SweetWater Brewing Company,Porter - Coffee,6.6% ABV,N/A IBU,(3.773)
177,6owRQn,Exodus Porter With Cocoa Nibs,SweetWater Brewing Company,Porter - Other,10% ABV,N/A IBU,(3.917)
178,6owRQn,"Exodus Porter (w/ Chicory, Vanilla & Cocoa)",SweetWater Brewing Company,Porter - Other,6.2% ABV,25 IBU,(0)
179,6owRQn,Happy Ending / Exodus Porter,SweetWater Brewing Company,Other,8% ABV,40 IBU,(0)
180,ctjbwM,Festive Ale,SweetWater Brewing Company,Winter Warmer,8.1% ABV,27 IBU,(3.594)
181,ctjbwM,Tennessee Festive Ale,SweetWater Brewing Company,Winter Warmer,7.7% ABV,N/A IBU,(3.461)
182,ctjbwM,Festive Ale (2018),SweetWater Brewing Company,Winter Warmer,8.1% ABV,N/A IBU,(3.779)
183,ctjbwM,Bourbon Barrel Aged Pit & the Pendulum Belended With Festive Ale,SweetWater Brewing Company,Sour - Ale,8% ABV,30 IBU,(3.71)
184,ctjbwM,Festive Ale Aged In Prichard's Double Bourbon Barrel,SweetWater Brewing Company,Winter Ale,8.6% ABV,42 IBU,(4.313)
185,uzOl1k,IPA,SweetWater Brewing Company,IPA - American,6.3% ABV,50 IBU,(3.687)
186,uzOl1k,Goin' Coastal,SweetWater Brewing Company,IPA - American,6.1% ABV,45 IBU,(3.654)
187,uzOl1k,Hop Hash Easy IPA,SweetWater Brewing Company,IPA - Session / India Session Ale,4.2% ABV,55 IBU,(3.63)
188,uzOl1k,TripleTail,SweetWater Brewing Company,IPA - American,5.5% ABV,57 IBU,(3.642)
189,uzOl1k,420 Strain G13 IPA,SweetWater Brewing Company,IPA - New England,6% ABV,48 IBU,(3.803)
190,FDSQ5n,Mean Joe Bean (Dank Tank),SweetWater Brewing Company,Porter - Imperial / Double,8.5% ABV,N/A IBU,(3.881)
191,0a0nmv,Motor Boat Ale,SweetWater Brewing Company,Extra Special / Strong Bitter,5.6% ABV,42 IBU,(3.495)
192,OGHzdU,Tijuana Road Trip,SweetWater Brewing Company,Pilsner - Other,5.2% ABV,53 IBU,(3.533)
193,OGHzdU,Road Trip,SweetWater Brewing Company,Pilsner - Other,5.7% ABV,70 IBU,(3.315)
194,OGHzdU,Victoria's High Country Brewery Trail Tripel Rule 47 (2013),Bridge Road Brewers,Belgian Tripel,7% ABV,N/A IBU,(3.806)
195,OGHzdU,Helluva Road Trip,SweetWater Brewing Company,Golden Ale,5.3% ABV,N/A IBU,(0)
196,XJ7ZBB,Sch'wheat,SweetWater Brewing Company,Pale Wheat Ale - American,4.7% ABV,N/A IBU,(3.328)
197,XeZfaD,TLA IPA,Zero Gravity Craft Brewery,IPA - American,5.7% ABV,75 IBU,(3.714)
198,XeZfaD,TLA IPA (Cask w/ Grapefruit),Zero Gravity Craft Brewery,IPA - American,5.7% ABV,75 IBU,(3.708)
199,XeZfaD,T.L.A. I.P.A. W/ Mosaic (cask),Zero Gravity Craft Brewery,IPA - American,5.7% ABV,N/A IBU,(4.069)
200,XeZfaD,TLA IPA (w/ Zeus),Zero Gravity Craft Brewery,IPA - American,5.7% ABV,75 IBU,(0)
201,XeZfaD,TLA IPA (w/ Spruce Tips),Zero Gravity Craft Brewery,IPA - American,5.7% ABV,75 IBU,(0)
202,FnRwC6,Blood Orange Take Two Pils,SweetWater Brewing Company,Pilsner - German,5.5% ABV,N/A IBU,(3.515)
203,FnRwC6,Czech PIlsner,Take Two Brewery (New York),Pilsner - Czech,5.3% ABV,N/A IBU,(0)
204,FnRwC6,Take Two Pils,SweetWater Brewing Company,Pilsner - German,5.5% ABV,35 IBU,(3.361)
205,FnRwC6,Take Two Pils And Call Me In The Morning,Homebrew,Homebrew  |  Pilsner - Other,5.5% ABV,N/A IBU,(0)
206,FnRwC6,Take Two Pils,The Reverend Doctor Brewing Co.,Homebrew  |  Pilsner - Other,5.25% ABV,45 IBU,(0)
207,GbTnYM,Tangerine Space Machine,New Holland Brewing,IPA - New England,6.8% ABV,40 IBU,(3.725)
208,GbTnYM,Tangerine Space Machine,Terre Haute Brewing Company,IPA - Brown,4.2% ABV,100 IBU,(0)
209,HptKyQ,Tannakin Stout,Jackalope Brewing Company,Stout - American,6.2% ABV,N/A IBU,(3.75)
210,YmuNgG,Tasmanian Hatter,New Holland Brewing,IPA - American,7% ABV,65 IBU,(3.846)
211,YmuNgG,Tasmanian Hatter (2018),New Holland Brewing,IPA - American,N/A ABV,N/A IBU,(3.702)
212,YmuNgG,Tasmanian Hatter (2016),New Holland Brewing,IPA - American,7% ABV,65 IBU,(3.871)
213,YmuNgG,Tasmanian Hatter (2017),New Holland Brewing,IPA - American,7% ABV,65 IBU,(3.805)
214,FbD1pJ,Taz IPA,New Holland Brewing,IPA - American,6% ABV,50 IBU,(3.656)
215,FbD1pJ,Taz Down Under IPA,Porter Pizza & Brewery,IPA - American,6.5% ABV,N/A IBU,(3.125)
216,FbD1pJ,HopDevil IPA,Victory Brewing Company,IPA - American,6.7% ABV,50 IBU,(3.671)
217,FbD1pJ,Kook D.I.P.A.,Pizza Port Brewing Co.,IPA - Imperial / Double,8.5% ABV,N/A IBU,(3.927)
218,FbD1pJ,Dry Hopped Virgin IPA,Rox & Taz Homebrew,Homebrew  |  IPA - American,5.5% ABV,99 IBU,(0)
219,Rl3Yy9,Ten FIDY (2014),Oskar Blues Brewery,Stout - American Imperial / Double,10.5% ABV,98 IBU,(4.265)
220,Rl3Yy9,Ten FIDY (Barrel Aged) (2014),Oskar Blues Brewery,Stout - American Imperial / Double,12.9% ABV,N/A IBU,(4.464)
221,44mN7a,Ten Fidy (2015),Oskar Blues Brewery,Stout - American Imperial / Double,10.5% ABV,65 IBU,(4.256)
222,44mN7a,Bourbon Barrel-Aged Ten Fidy (2015),Oskar Blues Brewery,Stout - American Imperial / Double,12.9% ABV,N/A IBU,(4.469)
223,44mN7a,Ten Fidy Heaven Hill Bourbon Barrel Aged (2015),Oskar Blues Brewery,Stout - American Imperial / Double,12.9% ABV,N/A IBU,(4.414)
224,x6bRxw,Ten FIDY,Oskar Blues Brewery,Stout - American Imperial / Double,10.5% ABV,65 IBU,(4.102)
225,x6bRxw,Barrel-Aged Ten FIDY Imperial Stout Aged in Bourbon Barrels,Oskar Blues Brewery,Stout - American Imperial / Double,12.9% ABV,75 IBU,(4.413)
226,x6bRxw,Barrel-Aged Java Ten FIDY,Oskar Blues Brewery,Stout - Imperial / Double,12.9% ABV,98 IBU,(4.414)
227,x6bRxw,Barrel-Aged Ten FIDY Imperial Stout Aged In Bourbon Barrels (2018),Oskar Blues Brewery,Stout - Imperial / Double,12.9% ABV,98 IBU,(4.405)
228,x6bRxw,JAHvanilla Barrel Aged Ten FIDY,Oskar Blues Brewery,Stout - American Imperial / Double,12.9% ABV,N/A IBU,(4.312)
229,aSdzxF,Barrel-Aged Ten FIDY Imperial Stout Aged in Bourbon Barrels (2016),Oskar Blues Brewery,Stout - American Imperial / Double,12.9% ABV,98 IBU,(4.49)
230,aSdzxF,Ten FIDY (2016),Oskar Blues Brewery,Stout - American Imperial / Double,10.5% ABV,65 IBU,(4.223)
231,aSdzxF,Rum Barrel-Aged Ten Fidy (2016),Oskar Blues Brewery,Stout - Imperial / Double,14.17% ABV,N/A IBU,(4.359)
232,aSdzxF,Barrel-Aged Java Ten Fidy (2016),Oskar Blues Brewery,Stout - Imperial / Double,12.9% ABV,N/A IBU,(4.458)
233,aSdzxF,BBA Ten Fidy (Heaven Hill 2016),Oskar Blues Brewery,Stout - American Imperial / Double,12.8% ABV,N/A IBU,(4.469)
234,KVcu4B,Barrel-Aged Ten FIDY Imperial Stout Aged in Bourbon Barrels,Oskar Blues Brewery,Stout - American Imperial / Double,12.9% ABV,75 IBU,(4.413)
235,KVcu4B,Barrel-Aged Java Ten FIDY,Oskar Blues Brewery,Stout - Imperial / Double,12.9% ABV,98 IBU,(4.414)
236,KVcu4B,Barrel-Aged Ten FIDY Imperial Stout Aged In Bourbon Barrels (2018),Oskar Blues Brewery,Stout - Imperial / Double,12.9% ABV,98 IBU,(4.405)
237,KVcu4B,Ten FIDY (Bulleit Bourbon Barrel-Aged),Oskar Blues Brewery,Stout - American Imperial / Double,11% ABV,N/A IBU,(4.435)
238,KVcu4B,Ten Fidy (Smooth Ambler Bourbon Barrel Aged),Oskar Blues Brewery,Stout - American,N/A ABV,N/A IBU,(4.559)
239,oRKnzw,Ten FIDY (Bulleit Bourbon Barrel-Aged),Oskar Blues Brewery,Stout - American Imperial / Double,11% ABV,N/A IBU,(4.435)
240,cXEnHS,Tequila Barrel Aged Ophelia,Breckenridge Brewery,Pale Wheat Ale - American,7.5% ABV,23 IBU,(3.629)
241,cXEnHS,Tequila Barrel Aged Ophelia,Breckenridge Brewery,Pale Wheat Ale - American,6.6% ABV,N/A IBU,(0)
242,Xv2EIK,Tequiza,Anheuser-Busch,Fruit Beer,4.5% ABV,N/A IBU,(2.199)
243,Xv2EIK,Bloodline Blood Orange Ale,Flying Dog Brewery,IPA - American,7% ABV,40 IBU,(3.689)
244,Xv2EIK,Desperados Original,Desperados NL,Lager - Pale,5.9% ABV,N/A IBU,(3.151)
245,Xv2EIK,Grapefruit Shandy,Jacob Leinenkugel Brewing Company,Shandy / Radler,4.2% ABV,14 IBU,(3.432)
246,Xv2EIK,Reposado Pear,Wyder's Cider,Cider - Perry,6.9% ABV,N/A IBU,(3.691)
247,vf8QTx,Terra Incognita Batch 3,Sierra Nevada Brewing Co.,Belgian Strong Dark Ale,9.8% ABV,N/A IBU,(3.972)
248,vf8QTx,Barrel Aged Serie No.8 (Terra Incognita Sherry Oloroso Barrel Aged),Bronckhorster Brewing Company,Barleywine - Other,12% ABV,N/A IBU,(4.151)
249,vf8QTx,Terra Incognita,Breakside Brewery,Sour - Farmhouse IPA,8% ABV,N/A IBU,(4.04)
250,vf8QTx,Barrel Aged Serie No.10 (Terra Incognita Jameson),Bronckhorster Brewing Company,Barleywine - Other,11% ABV,N/A IBU,(3.988)
251,vf8QTx,Barrel Aged Serie No.9 (Terra Incognita Sherry Pedro Ximenez Barrel Aged),Bronckhorster Brewing Company,Barleywine - Other,12% ABV,66 IBU,(4.119)
252,zFPtdT,Single Hop Series: Tettang Lager,Jackalope Brewing Company,Pilsner - Czech,N/A ABV,N/A IBU,(0)
253,zFPtdT,SMaSH Lager- Mountain Malt Pilsner/Tettnang,Proper Brewing Co,Pilsner - Other,4% ABV,27 IBU,(3.39)
254,zFPtdT,Tettnang Dry Hopped India Pale Lager,Wrecking Bar Brewing,Imperial Pale Ale,6.7% ABV,N/A IBU,(0)
255,zFPtdT,Buffalo Lager Dry Hopped With Tettnang,Flying Bison Brewing,Lager - Vienna,N/A ABV,N/A IBU,(0)
256,pOk8tL,The 1759,Guinness,Red Ale - Imperial / Double,9% ABV,57 IBU,(4.015)
257,ej16Dh,The Carhartt Woodsman,New Holland Brewing,Pale Ale - American,4.4% ABV,N/A IBU,(3.478)
258,vIhSst,The Dogfather (Bourbon Barrel Aged),Laughing Dog Brewing,Stout - American Imperial / Double,11% ABV,80 IBU,(3.887)
259,vIhSst,The DogFather,Laughing Dog Brewing,Stout - American Imperial / Double,11% ABV,80 IBU,(3.747)
260,vIhSst,The DogFather (Bourbon Barrel Aged) 2016,Laughing Dog Brewing,Stout - Imperial / Double,10.85% ABV,N/A IBU,(3.969)
261,vIhSst,The Dogfather,Basset Breweries,Winter Ale,8% ABV,N/A IBU,(3.071)
262,vIhSst,The DogFather (2018),Laughing Dog Brewing,Stout - Imperial / Double,10.8% ABV,60 IBU,(0)
263,cvma3B,The Dogfather (Bourbon Barrel Aged),Laughing Dog Brewing,Stout - American Imperial / Double,11% ABV,80 IBU,(3.887)
264,cvma3B,The Dogfather (Bourbon Barrel Aged) (2013),Laughing Dog Brewing,Stout - American Imperial / Double,11% ABV,N/A IBU,(4.026)
265,TFcGop,The Down Low Ale,Lagunitas Brewing Company,IPA - Session / India Session Ale,3.9% ABV,42 IBU,(3.526)
266,TFcGop,The Boxer India Red Ale,LowDown Brewery + Kitchen,Red Ale - American Amber / Red,7% ABV,N/A IBU,(3.647)
267,TFcGop,The Down Low Ale (3.5%),Lagunitas Brewing Company,IPA - Session / India Session Ale,3.5% ABV,42 IBU,(3.232)
268,TFcGop,The Lowdown,Yalobusha Brewing Co,Pale Wheat Ale - American,4.6% ABV,N/A IBU,(3.5)
269,TFcGop,Low Down 'n' Shifty Session Ale,The Occasional Brewer,IPA - Session / India Session Ale,2.3% ABV,N/A IBU,(3.282)
270,9RNMJQ,Little Moe With the Gimpy Leg,Graff Brygghus,Stout - Foreign / Export,8% ABV,N/A IBU,(3.792)
271,9RNMJQ,Bring Out the Gimp,Latchkey Brewing,Stout - American,6.2% ABV,N/A IBU,(3.61)
272,9RNMJQ,Return of the Gimp,Brisbane Brewing Co.,IPA - Imperial / Double,10.5% ABV,N/A IBU,(3.875)
273,9RNMJQ,Bring Out the Gimp,Hoppy Moose Brewing,Homebrew  |  Pale Ale - American,2.8% ABV,30 IBU,(0)
274,9RNMJQ,The GIMP,The Upright Drunk Craft Brewing,Homebrew  |  IPA - Imperial / Double,8.4% ABV,N/A IBU,(0)
275,xlOpbL,The Hairy Eyeball,Lagunitas Brewing Company,Strong Ale - American,9.1% ABV,57 IBU,(3.699)
276,xlOpbL,Hairy Eyeball Ale (Port Barrel Aged),Lagunitas Brewing Company,Strong Ale - American,9% ABV,N/A IBU,(3.811)
277,xlOpbL,The Hairy Eyeball - Rum Barrel Aged,Lagunitas Brewing Company,Strong Ale - American,9.1% ABV,57 IBU,(3.956)
278,xlOpbL,Hairy Eyeball Ale (Brandy Barrel Aged),Lagunitas Brewing Company,Strong Ale - American,9% ABV,N/A IBU,(3.857)
279,xlOpbL,Freakin' Firkin Santa's Hairy Eyeballs,Lagunitas Brewing Company,Winter Ale,9.4% ABV,57 IBU,(0)
280,R1JD13,Brawndo: the Thirst Mutilator,B-52 Brewing Co.,Sour - Berliner Weisse,5.2% ABV,N/A IBU,(3.705)
281,R1JD13,Brawndo: The Thirst Mutilator,Drake's Brewing Company,Sour - Gose,3.8% ABV,N/A IBU,(3.718)
282,R1JD13,"Brawndo, the Thirst Mutilator",New Sarum Salisbury Brewing Co,Sour - Gose,5% ABV,N/A IBU,(3.685)
283,R1JD13,Thirst Mutilator,The Southern Brewing Company,Sour - Berliner Weisse,N/A ABV,N/A IBU,(3.764)
284,R1JD13,Brawndo 2:Thirstier Mutilator,Reverend Nat's Hard Cider,Cider - Other,5.8% ABV,N/A IBU,(3.892)
285,Qgkp3b,Hi-Pitch Mosaic IPA,Hi-Wire Brewing,IPA - American,6.7% ABV,55 IBU,(3.732)
286,Qgkp3b,Lo-Pitch Juicy IPA,Hi-Wire Brewing,IPA - Session / India Session Ale,4.9% ABV,35 IBU,(3.574)
287,Qgkp3b,The Pit & The Pendulum,SweetWater Brewing Company,American Wild Ale,8.3% ABV,30 IBU,(3.763)
288,Qgkp3b,Pitt Bier,Brouwerij Martens,Lager - Euro,5% ABV,N/A IBU,(2.435)
289,Qgkp3b,Caledonian House Ale,Caledonian Brewing Co.,Scottish Ale,4.1% ABV,N/A IBU,(3.206)
290,QJZFnY,Hi-Pitch Mosaic IPA,Hi-Wire Brewing,IPA - American,6.7% ABV,55 IBU,(3.732)
291,QJZFnY,Lo-Pitch Juicy IPA,Hi-Wire Brewing,IPA - Session / India Session Ale,4.9% ABV,35 IBU,(3.574)
292,QJZFnY,The Pit & The Pendulum,SweetWater Brewing Company,American Wild Ale,8.3% ABV,30 IBU,(3.763)
293,QJZFnY,Pitt Bier,Brouwerij Martens,Lager - Euro,5% ABV,N/A IBU,(2.435)
294,QJZFnY,Caledonian House Ale,Caledonian Brewing Co.,Scottish Ale,4.1% ABV,N/A IBU,(3.206)
295,eVgnFV,The Poet,New Holland Brewing,Stout - Oatmeal,5.2% ABV,37 IBU,(3.771)
296,eVgnFV,Caledonian House Ale,Caledonian Brewing Co.,Scottish Ale,4.1% ABV,N/A IBU,(3.206)
297,eVgnFV,Prose Vs Poetry,The Courtyard Brewery,Extra Special / Strong Bitter,5.4% ABV,N/A IBU,(3.646)
298,eVgnFV,House Ale,Moorhouse's Brewery,English Bitter,4% ABV,N/A IBU,(3.343)
299,eVgnFV,Dead Poets,The Brew Kettle,IPA - Imperial / Double,8% ABV,N/A IBU,(3.865)
300,ABoSrf,The Waldos’ Special Ale (2018),Lagunitas Brewing Company,IPA - Triple,11.3% ABV,100 IBU,(4.177)
301,7GLf2A,The White Buffalo IPA,Anchorage Brewing Company,IPA - New England,6.4% ABV,100 IBU,(4.059)
302,7GLf2A,Amber Bison Ale,The White Buffalo,Red Ale - American Amber / Red,4% ABV,N/A IBU,(3.382)
303,7GLf2A,Hefe Bison,The White Buffalo,Hefeweizen,4% ABV,N/A IBU,(3.232)
304,7GLf2A,Bison IPA,The White Buffalo,IPA - American,N/A ABV,N/A IBU,(3.277)
305,7GLf2A,The Great White Buffalo,The Drinking Lane Brewing Company,Homebrew  |  IPA - White,8% ABV,109 IBU,(0)
306,0NyrGZ,Through the Brambles,SweetWater Brewing Company,American Wild Ale,6.3% ABV,2 IBU,(4.067)
307,0NyrGZ,Fighting Through the Brambles,Shanty Shack Brewing,American Wild Ale,N/A ABV,N/A IBU,(0)
308,0NyrGZ,Ran Through the Brambles,Month Of Sundays,Homebrew  |  Stout - Milk / Sweet,5.8% ABV,30 IBU,(0)
309,hz4rNs,Thunder Ann,Jackalope Brewing Company,Pale Ale - American,5.5% ABV,37 IBU,(3.608)
310,hz4rNs,El Charro 95th Anniversary Ale,Thunder Canyon Brewstillery,Red Ale - American Amber / Red,6% ABV,N/A IBU,(3.638)
311,hz4rNs,Barrel Aged Thunderclap,Barrel Harbor Brewing,Stout - Russian Imperial,12.5% ABV,84 IBU,(3.93)
312,hz4rNs,Thunder Ann With Tangerines,Jackalope Brewing Company,Pale Ale - American,5.4% ABV,37 IBU,(0)
313,hz4rNs,Thunder Ann Cask - Whole Leaf Citra Hops,Jackalope Brewing Company,Pale Ale - American,5.5% ABV,65 IBU,(0)
314,Pb4Zwl,Moo Thunder Stout,Butternuts Beer & Ale,Stout - Milk / Sweet,4.8% ABV,35 IBU,(3.484)
315,Pb4Zwl,Thunder Stout,Breckenridge Brewery,Stout - American,4.95% ABV,N/A IBU,(3.675)
316,Pb4Zwl,Rolling Thunder Imperial Stout,Rogue Ales,Stout - Imperial / Double,14.4% ABV,63 IBU,(4.046)
317,Pb4Zwl,Rolling Thunder Imperial Stout (2018),Rogue Ales,Stout - Imperial / Double,14.4% ABV,63 IBU,(4.142)
318,Pb4Zwl,Thunder Horse,Martin House Brewing Company,Stout - Other,9.24% ABV,N/A IBU,(3.768)
319,ZzpzSy,Tickled Pink,Oskar Blues Brewery,Saison / Farmhouse Ale,6.6% ABV,25 IBU,(3.527)
320,ZzpzSy,Tickled Pink,Fort Collins Brewery (FCB),Sour - Gose,5.5% ABV,45 IBU,(3.606)
321,ZzpzSy,Tickled Pink,Rhombus Guys Brewing Company,Sour - Fruited,5% ABV,3 IBU,(3.826)
322,ZzpzSy,Tickled Pink,Call To Arms Brewing Company,Saison / Farmhouse Ale,7.6% ABV,N/A IBU,(3.875)
323,ZzpzSy,Tickled Pink,Garage Project,Sour - Ale,5.7% ABV,N/A IBU,(0)
